Type (AC | DC): Time Start [sec], Time End [sec], Value [V]
AC: 0.000000,	1,	1
DC: 0.0, 0.002, 0.0
DC: 0.002, 0.004, 8400.0
DC: 0.004, 0.006, 8400.0
DC: 0.006, 0.008, 0.0
DC: 0.008, 0.01, 7800.0
DC: 0.01, 0.012, 12400.0
DC: 0.012, 0.014, 8400.0
DC: 0.014, 0.016, 0.0
DC: 0.016, 0.018, 8400.0
DC: 0.018, 0.02, 10200.0
DC: 0.02, 0.022, 13200.0
DC: 0.022, 0.024, 10200.0
DC: 0.024, 0.026, 13200.0
DC: 0.026, 0.028, 7800.0
DC: 0.028, 0.03, 0.0
DC: 0.03, 0.032, 0.0
DC: 0.032, 0.034, 8400.0
DC: 0.034, 0.036, 12400.0
DC: 0.036, 0.038, 13200.0
DC: 0.038, 0.04, 7800.0
DC: 0.04, 0.042, 8400.0
DC: 0.042, 0.044, 7800.0
DC: 0.044, 0.046, 0.0
DC: 0.046, 0.048, 12400.0
DC: 0.048, 0.05, 8400.0
DC: 0.05, 0.052, 10200.0
DC: 0.052, 0.054, 0.0
DC: 0.054, 0.056, 8400.0
DC: 0.056, 0.058, 0.0
DC: 0.058, 0.06, 12400.0
DC: 0.06, 0.062, 7800.0
DC: 0.062, 0.064, 7800.0
DC: 0.064, 0.066, 10200.0
DC: 0.066, 0.068, 0.0
DC: 0.068, 0.07, 0.0
DC: 0.07, 0.072, 12400.0
DC: 0.072, 0.074, 0.0
DC: 0.074, 0.076, 10200.0
DC: 0.076, 0.078, 13200.0
DC: 0.078, 0.08, 7800.0
DC: 0.08, 0.082, 8400.0
DC: 0.082, 0.084, 13200.0
DC: 0.084, 0.086, 7800.0
DC: 0.086, 0.088, 0.0
DC: 0.088, 0.09, 8400.0
DC: 0.09, 0.092, 10200.0
DC: 0.092, 0.094, 8400.0
DC: 0.094, 0.096, 0.0
DC: 0.096, 0.098, 8400.0
DC: 0.098, 0.1, 13800.0
DC: 0.1, 0.102, 0.0
DC: 0.102, 0.104, 13800.0
DC: 0.104, 0.106, 7800.0
DC: 0.106, 0.108, 0.0
DC: 0.108, 0.11, 13200.0
DC: 0.11, 0.112, 7800.0
DC: 0.112, 0.114, 8400.0
DC: 0.114, 0.116, 13200.0
DC: 0.116, 0.118, 7800.0
DC: 0.118, 0.12, 0.0
DC: 0.12, 0.122, 0.0
DC: 0.122, 0.124, 12400.0
DC: 0.124, 0.126, 13200.0
DC: 0.126, 0.128, 7800.0
DC: 0.128, 0.13, 0.0
DC: 0.13, 0.132, 12400.0
DC: 0.132, 0.134, 10200.0
DC: 0.134, 0.136, 10200.0
DC: 0.136, 0.138, 0.0
DC: 0.138, 0.14, 12400.0
DC: 0.14, 0.142, 13200.0
DC: 0.142, 0.144, 10200.0
DC: 0.144, 0.146, 13200.0
DC: 0.146, 0.148, 7800.0
DC: 0.148, 0.15, 8400.0
DC: 0.15, 0.152, 13200.0
DC: 0.152, 0.154, 8400.0
DC: 0.154, 0.156, 10200.0
DC: 0.156, 0.158, 0.0
DC: 0.158, 0.16, 0.0
DC: 0.16, 0.162, 7800.0
DC: 0.162, 0.164, 13800.0
DC: 0.164, 0.166, 8400.0
DC: 0.166, 0.168, 12400.0
DC: 0.168, 0.17, 0.0
DC: 0.17, 0.172, 8400.0
DC: 0.172, 0.174, 0.0
DC: 0.174, 0.176, 12400.0
DC: 0.176, 0.178, 7800.0
DC: 0.178, 0.18, 13800.0
DC: 0.18, 0.182, 0.0
DC: 0.182, 0.184, 10200.0
DC: 0.184, 0.186, 8400.0
DC: 0.186, 0.188, 12400.0
DC: 0.188, 0.19, 13200.0
DC: 0.19, 0.192, 7800.0
DC: 0.192, 0.194, 7800.0
DC: 0.194, 0.196, 13200.0
DC: 0.196, 0.198, 0.0
DC: 0.198, 0.2, 12400.0
DC: 0.2, 0.202, 8400.0
DC: 0.202, 0.204, 10200.0
DC: 0.204, 0.206, 0.0
DC: 0.206, 0.208, 12400.0
DC: 0.208, 0.21, 13200.0
DC: 0.21, 0.212, 7800.0
DC: 0.212, 0.214, 7800.0
DC: 0.214, 0.216, 7800.0
DC: 0.216, 0.218, 7800.0
DC: 0.218, 0.22, 13800.0
DC: 0.22, 0.222, 0.0
DC: 0.222, 0.224, 13200.0
DC: 0.224, 0.226, 8400.0
DC: 0.226, 0.228, 0.0
DC: 0.228, 0.23, 8400.0
DC: 0.23, 0.232, 10200.0
DC: 0.232, 0.234, 7800.0
DC: 0.234, 0.236, 13200.0
DC: 0.236, 0.238, 0.0
DC: 0.238, 0.24, 0.0
DC: 0.24, 0.242, 8400.0
DC: 0.242, 0.244, 13200.0
DC: 0.244, 0.246, 7800.0
DC: 0.246, 0.248, 7800.0
DC: 0.248, 0.25, 8400.0
DC: 0.25, 0.252, 0.0
DC: 0.252, 0.254, 7800.0
DC: 0.254, 0.256, 13800.0
DC: 0.256, 0.258, 13200.0
DC: 0.258, 0.26, 7800.0
DC: 0.26, 0.262, 7800.0
DC: 0.262, 0.264, 7800.0
DC: 0.264, 0.266, 7800.0
DC: 0.266, 0.268, 13800.0
DC: 0.268, 0.27, 13200.0
DC: 0.27, 0.272, 7800.0
DC: 0.272, 0.274, 8400.0
DC: 0.274, 0.276, 13200.0
DC: 0.276, 0.278, 7800.0
DC: 0.278, 0.28, 0.0
DC: 0.28, 0.282, 0.0
DC: 0.282, 0.284, 12400.0
DC: 0.284, 0.286, 13200.0
DC: 0.286, 0.288, 7800.0
DC: 0.288, 0.29, 10200.0
DC: 0.29, 0.292, 0.0
DC: 0.292, 0.294, 7800.0
DC: 0.294, 0.296, 7800.0
DC: 0.296, 0.298, 8400.0
DC: 0.298, 0.3, 12400.0
DC: 0.3, 0.302, 7800.0
DC: 0.302, 0.304, 7800.0
DC: 0.304, 0.306, 0.0
DC: 0.306, 0.308, 7800.0
DC: 0.308, 0.31, 7800.0
DC: 0.31, 0.312, 12400.0
DC: 0.312, 0.314, 0.0
DC: 0.314, 0.316, 12400.0
DC: 0.316, 0.318, 13200.0
DC: 0.318, 0.32, 7800.0
DC: 0.32, 0.322, 8400.0
DC: 0.322, 0.324, 10200.0
DC: 0.324, 0.326, 0.0
DC: 0.326, 0.328, 0.0
DC: 0.328, 0.33, 7800.0
DC: 0.33, 0.332, 13800.0
DC: 0.332, 0.334, 0.0
DC: 0.334, 0.336, 13800.0
DC: 0.336, 0.338, 0.0
DC: 0.338, 0.34, 12400.0
DC: 0.34, 0.342, 13200.0
DC: 0.342, 0.344, 7800.0
DC: 0.344, 0.346, 8400.0
DC: 0.346, 0.348, 0.0
DC: 0.348, 0.35, 0.0
DC: 0.35, 0.352, 13200.0
DC: 0.352, 0.354, 13200.0
DC: 0.354, 0.356, 7800.0
DC: 0.356, 0.358, 0.0
DC: 0.358, 0.36, 12400.0
DC: 0.36, 0.362, 7800.0
DC: 0.362, 0.364, 12400.0
DC: 0.364, 0.366, 0.0
DC: 0.366, 0.368, 12400.0
DC: 0.368, 0.37, 0.0
DC: 0.37, 0.372, 8400.0
DC: 0.372, 0.374, 8400.0
DC: 0.374, 0.376, 13200.0
DC: 0.376, 0.378, 8400.0
DC: 0.378, 0.38, 10200.0
DC: 0.38, 0.382, 8400.0
DC: 0.382, 0.384, 0.0
DC: 0.384, 0.386, 7800.0
DC: 0.386, 0.388, 13200.0
DC: 0.388, 0.39, 0.0
DC: 0.39, 0.392, 0.0
DC: 0.392, 0.394, 0.0
DC: 0.394, 0.396, 13800.0
DC: 0.396, 0.398, 7800.0
DC: 0.398, 0.4, 13800.0
DC: 0.4, 0.402, 0.0
DC: 0.402, 0.404, 12400.0
DC: 0.404, 0.406, 8400.0
DC: 0.406, 0.408, 13200.0
DC: 0.408, 0.41, 7800.0
DC: 0.41, 0.412, 7800.0
DC: 0.412, 0.414, 8400.0
DC: 0.414, 0.416, 12400.0
DC: 0.416, 0.418, 7800.0
DC: 0.418, 0.42, 13200.0
DC: 0.42, 0.422, 13200.0
DC: 0.422, 0.424, 7800.0
DC: 0.424, 0.426, 0.0
DC: 0.426, 0.428, 0.0
DC: 0.428, 0.43, 7800.0
DC: 0.43, 0.432, 13800.0
DC: 0.432, 0.434, 0.0
DC: 0.434, 0.436, 10200.0
DC: 0.436, 0.438, 13200.0
DC: 0.438, 0.44, 7800.0
DC: 0.44, 0.442, 8400.0
DC: 0.442, 0.444, 12400.0
DC: 0.444, 0.446, 0.0
DC: 0.446, 0.448, 12400.0
DC: 0.448, 0.45, 8400.0
DC: 0.45, 0.452, 10200.0
DC: 0.452, 0.454, 10200.0
DC: 0.454, 0.456, 0.0
DC: 0.456, 0.458, 0.0
DC: 0.458, 0.46, 12400.0
DC: 0.46, 0.462, 8400.0
DC: 0.462, 0.464, 12400.0
DC: 0.464, 0.466, 13200.0
DC: 0.466, 0.468, 7800.0
DC: 0.468, 0.47, 0.0
DC: 0.47, 0.472, 0.0
DC: 0.472, 0.474, 8400.0
DC: 0.474, 0.476, 12400.0
DC: 0.476, 0.478, 13200.0
DC: 0.478, 0.48, 7800.0
DC: 0.48, 0.482, 0.0
DC: 0.482, 0.484, 0.0
DC: 0.484, 0.486, 7800.0
DC: 0.486, 0.488, 13800.0
DC: 0.488, 0.49, 13200.0
DC: 0.49, 0.492, 7800.0
DC: 0.492, 0.494, 0.0
DC: 0.494, 0.496, 0.0
DC: 0.496, 0.498, 0.0
DC: 0.498, 0.5, 13800.0
DC: 0.5, 0.502, 0.0
DC: 0.502, 0.504, 12400.0
DC: 0.504, 0.506, 7800.0
DC: 0.506, 0.508, 13800.0
DC: 0.508, 0.51, 8400.0
DC: 0.51, 0.512, 13200.0
DC: 0.512, 0.514, 13200.0
DC: 0.514, 0.516, 7800.0
DC: 0.516, 0.518, 0.0
DC: 0.518, 0.52, 13200.0
DC: 0.52, 0.522, 8400.0
DC: 0.522, 0.524, 0.0
DC: 0.524, 0.526, 8400.0
DC: 0.526, 0.528, 10200.0
DC: 0.528, 0.53, 13200.0
DC: 0.53, 0.532, 7800.0
DC: 0.532, 0.534, 0.0
DC: 0.534, 0.536, 8400.0
DC: 0.536, 0.538, 8400.0
DC: 0.538, 0.54, 0.0
DC: 0.54, 0.542, 7800.0
DC: 0.542, 0.544, 13200.0
DC: 0.544, 0.546, 7800.0
DC: 0.546, 0.548, 13200.0
DC: 0.548, 0.55, 8400.0
DC: 0.55, 0.552, 13800.0
DC: 0.552, 0.554, 7800.0
DC: 0.554, 0.556, 13800.0
DC: 0.556, 0.558, 7800.0
DC: 0.558, 0.56, 7800.0
DC: 0.56, 0.562, 0.0
DC: 0.562, 0.564, 8400.0
DC: 0.564, 0.566, 0.0
DC: 0.566, 0.568, 0.0
DC: 0.568, 0.57, 8400.0
DC: 0.57, 0.572, 13200.0
DC: 0.572, 0.574, 7800.0
DC: 0.574, 0.576, 7800.0
DC: 0.576, 0.578, 8400.0
DC: 0.578, 0.58, 0.0
DC: 0.58, 0.582, 7800.0
DC: 0.582, 0.584, 13800.0
DC: 0.584, 0.586, 13200.0
DC: 0.586, 0.588, 7800.0
DC: 0.588, 0.59, 0.0
DC: 0.59, 0.592, 0.0
DC: 0.592, 0.594, 7800.0
DC: 0.594, 0.596, 13800.0
DC: 0.596, 0.598, 0.0
DC: 0.598, 0.6, 10200.0
DC: 0.6, 0.602, 13200.0
DC: 0.602, 0.604, 7800.0
DC: 0.604, 0.606, 0.0
DC: 0.606, 0.608, 12400.0
DC: 0.608, 0.61, 7800.0
DC: 0.61, 0.612, 13800.0
DC: 0.612, 0.614, 8400.0
DC: 0.614, 0.616, 13200.0
DC: 0.616, 0.618, 0.0
DC: 0.618, 0.62, 12400.0
DC: 0.62, 0.622, 8400.0
DC: 0.622, 0.624, 10200.0
DC: 0.624, 0.626, 8400.0
DC: 0.626, 0.628, 13200.0
DC: 0.628, 0.63, 0.0
DC: 0.63, 0.632, 0.0
DC: 0.632, 0.634, 7800.0
DC: 0.634, 0.636, 7800.0
DC: 0.636, 0.638, 7800.0
DC: 0.638, 0.64, 13800.0
DC: 0.64, 0.642, 7800.0
DC: 0.642, 0.644, 13200.0
DC: 0.644, 0.646, 0.0
DC: 0.646, 0.648, 12400.0
DC: 0.648, 0.65, 7800.0
DC: 0.65, 0.652, 13800.0
DC: 0.652, 0.654, 8400.0
DC: 0.654, 0.656, 13200.0
DC: 0.656, 0.658, 13200.0
DC: 0.658, 0.66, 8400.0
DC: 0.66, 0.662, 13200.0
DC: 0.662, 0.664, 7800.0
DC: 0.664, 0.666, 7800.0
DC: 0.666, 0.668, 13200.0
DC: 0.668, 0.67, 0.0
DC: 0.67, 0.672, 12400.0
DC: 0.672, 0.674, 0.0
DC: 0.674, 0.676, 8400.0
DC: 0.676, 0.678, 7800.0
DC: 0.678, 0.68, 0.0
DC: 0.68, 0.682, 0.0
DC: 0.682, 0.684, 0.0
DC: 0.684, 0.686, 7800.0
DC: 0.686, 0.688, 13800.0
DC: 0.688, 0.69, 8400.0
DC: 0.69, 0.692, 0.0
DC: 0.692, 0.694, 0.0
DC: 0.694, 0.696, 8400.0
DC: 0.696, 0.698, 7800.0
DC: 0.698, 0.7, 0.0
DC: 0.7, 0.702, 8400.0
DC: 0.702, 0.704, 10200.0
DC: 0.704, 0.706, 8400.0
DC: 0.706, 0.708, 0.0
DC: 0.708, 0.71, 7800.0
DC: 0.71, 0.712, 13200.0
DC: 0.712, 0.714, 7800.0
DC: 0.714, 0.716, 7800.0
DC: 0.716, 0.718, 0.0
DC: 0.718, 0.72, 8400.0
DC: 0.72, 0.722, 13200.0
DC: 0.722, 0.724, 7800.0
DC: 0.724, 0.726, 8400.0
DC: 0.726, 0.728, 12400.0
DC: 0.728, 0.73, 10200.0
DC: 0.73, 0.732, 10200.0
DC: 0.732, 0.734, 8400.0
DC: 0.734, 0.736, 12400.0
DC: 0.736, 0.738, 8400.0
DC: 0.738, 0.74, 13200.0
DC: 0.74, 0.742, 0.0
DC: 0.742, 0.744, 12400.0
DC: 0.744, 0.746, 7800.0
DC: 0.746, 0.748, 13200.0
DC: 0.748, 0.75, 8400.0
DC: 0.75, 0.752, 12400.0
DC: 0.752, 0.754, 13200.0
DC: 0.754, 0.756, 7800.0
DC: 0.756, 0.758, 7800.0
DC: 0.758, 0.76, 0.0
DC: 0.76, 0.762, 0.0
DC: 0.762, 0.764, 0.0
DC: 0.764, 0.766, 10200.0
DC: 0.766, 0.768, 0.0
DC: 0.768, 0.77, 0.0
DC: 0.77, 0.772, 12400.0
DC: 0.772, 0.774, 13200.0
DC: 0.774, 0.776, 7800.0
DC: 0.776, 0.778, 8400.0
DC: 0.778, 0.78, 13200.0
DC: 0.78, 0.782, 7800.0
DC: 0.782, 0.784, 0.0
DC: 0.784, 0.786, 8400.0
DC: 0.786, 0.788, 13800.0
DC: 0.788, 0.79, 8400.0
DC: 0.79, 0.792, 12400.0
DC: 0.792, 0.794, 13200.0
DC: 0.794, 0.796, 7800.0
DC: 0.796, 0.798, 0.0
DC: 0.798, 0.8, 13200.0
DC: 0.8, 0.802, 0.0
DC: 0.802, 0.804, 0.0
DC: 0.804, 0.806, 8400.0
DC: 0.806, 0.808, 10200.0
DC: 0.808, 0.81, 13200.0
DC: 0.81, 0.812, 7800.0
DC: 0.812, 0.814, 8400.0
DC: 0.814, 0.816, 0.0
DC: 0.816, 0.818, 7800.0
DC: 0.818, 0.82, 13800.0
DC: 0.82, 0.822, 7800.0
DC: 0.822, 0.824, 12400.0
DC: 0.824, 0.826, 10200.0
DC: 0.826, 0.828, 10200.0
DC: 0.828, 0.83, 13200.0
DC: 0.83, 0.832, 7800.0
DC: 0.832, 0.834, 0.0
DC: 0.834, 0.836, 0.0
DC: 0.836, 0.838, 7800.0
DC: 0.838, 0.84, 7800.0
DC: 0.84, 0.842, 7800.0
DC: 0.842, 0.844, 13200.0
DC: 0.844, 0.846, 0.0
DC: 0.846, 0.848, 12400.0
DC: 0.848, 0.85, 0.0
DC: 0.85, 0.852, 10200.0
DC: 0.852, 0.854, 13200.0
DC: 0.854, 0.856, 7800.0
DC: 0.856, 0.858, 0.0
DC: 0.858, 0.86, 0.0
DC: 0.86, 0.862, 8400.0
DC: 0.862, 0.864, 13200.0
DC: 0.864, 0.866, 13200.0
DC: 0.866, 0.868, 7800.0
DC: 0.868, 0.87, 8400.0
DC: 0.87, 0.872, 12400.0
DC: 0.872, 0.874, 0.0
DC: 0.874, 0.876, 0.0
DC: 0.876, 0.878, 8400.0
DC: 0.878, 0.88, 13200.0
DC: 0.88, 0.882, 7800.0
DC: 0.882, 0.884, 7800.0
DC: 0.884, 0.886, 8400.0
DC: 0.886, 0.888, 12400.0
DC: 0.888, 0.89, 0.0
DC: 0.89, 0.892, 13200.0
DC: 0.892, 0.894, 10200.0
DC: 0.894, 0.896, 10200.0
DC: 0.896, 0.898, 7800.0
DC: 0.898, 0.9, 7800.0
DC: 0.9, 0.902, 7800.0
DC: 0.902, 0.904, 13800.0
DC: 0.904, 0.906, 0.0
DC: 0.906, 0.908, 13800.0
DC: 0.908, 0.91, 13200.0
DC: 0.91, 0.912, 7800.0
DC: 0.912, 0.914, 8400.0
DC: 0.914, 0.916, 13200.0
DC: 0.916, 0.918, 7800.0
DC: 0.918, 0.92, 0.0
DC: 0.92, 0.922, 0.0
DC: 0.922, 0.924, 12400.0
DC: 0.924, 0.926, 13200.0
DC: 0.926, 0.928, 7800.0
DC: 0.928, 0.93, 8400.0
DC: 0.93, 0.932, 12400.0
DC: 0.932, 0.934, 0.0
DC: 0.934, 0.936, 12400.0
DC: 0.936, 0.938, 7800.0
DC: 0.938, 0.94, 13800.0
DC: 0.94, 0.942, 8400.0
DC: 0.942, 0.944, 12400.0
DC: 0.944, 0.946, 0.0
DC: 0.946, 0.948, 12400.0
DC: 0.948, 0.95, 13200.0
DC: 0.95, 0.952, 7800.0
DC: 0.952, 0.954, 8400.0
DC: 0.954, 0.956, 0.0
DC: 0.956, 0.958, 0.0
DC: 0.958, 0.96, 13200.0
DC: 0.96, 0.962, 13200.0
DC: 0.962, 0.964, 7800.0
DC: 0.964, 0.966, 10200.0
DC: 0.966, 0.968, 0.0
DC: 0.968, 0.97, 7800.0
DC: 0.97, 0.972, 7800.0
DC: 0.972, 0.974, 8400.0
DC: 0.974, 0.976, 12400.0
DC: 0.976, 0.978, 7800.0
DC: 0.978, 0.98, 7800.0
DC: 0.98, 0.982, 8400.0
DC: 0.982, 0.984, 0.0
DC: 0.984, 0.986, 7800.0
DC: 0.986, 0.988, 13800.0
DC: 0.988, 0.99, 13200.0
DC: 0.99, 0.992, 7800.0
DC: 0.992, 0.994, 0.0
DC: 0.994, 0.996, 0.0
DC: 0.996, 0.998, 7800.0
DC: 0.998, 1.0, 13800.0
DC: 1.0, 1.002, 0.0
DC: 1.002, 1.004, 10200.0
DC: 1.004, 1.006, 13200.0
DC: 1.006, 1.008, 7800.0
DC: 1.008, 1.01, 7800.0
DC: 1.01, 1.012, 0.0
DC: 1.012, 1.014, 0.0
DC: 1.014, 1.016, 0.0
DC: 1.016, 1.018, 10200.0
DC: 1.018, 1.02, 0.0
DC: 1.02, 1.022, 0.0
DC: 1.022, 1.024, 12400.0
DC: 1.024, 1.026, 13200.0
DC: 1.026, 1.028, 7800.0
DC: 1.028, 1.03, 8400.0
DC: 1.03, 1.032, 0.0
DC: 1.032, 1.034, 10200.0
DC: 1.034, 1.036, 0.0
DC: 1.036, 1.038, 0.0
DC: 1.038, 1.04, 12400.0
DC: 1.04, 1.042, 8400.0
DC: 1.042, 1.044, 10200.0
DC: 1.044, 1.046, 7800.0
DC: 1.046, 1.048, 12400.0
DC: 1.048, 1.05, 8400.0
DC: 1.05, 1.052, 0.0
DC: 1.052, 1.054, 8400.0
DC: 1.054, 1.056, 0.0
DC: 1.056, 1.058, 7800.0
DC: 1.058, 1.06, 10200.0
DC: 1.06, 1.062, 0.0
DC: 1.062, 1.064, 12400.0
DC: 1.064, 1.066, 0.0
DC: 1.066, 1.068, 10200.0
DC: 1.068, 1.07, 13200.0
DC: 1.07, 1.072, 7800.0
DC: 1.072, 1.074, 8400.0
DC: 1.074, 1.076, 13200.0
DC: 1.076, 1.078, 7800.0
DC: 1.078, 1.08, 0.0
DC: 1.08, 1.082, 0.0
DC: 1.082, 1.084, 12400.0
DC: 1.084, 1.086, 13200.0
DC: 1.086, 1.088, 7800.0
DC: 1.088, 1.09, 8400.0
DC: 1.09, 1.092, 7800.0
DC: 1.092, 1.094, 8400.0
DC: 1.094, 1.096, 0.0
DC: 1.096, 1.098, 8400.0
DC: 1.098, 1.1, 12400.0
DC: 1.1, 1.102, 8400.0
DC: 1.102, 1.104, 12400.0
DC: 1.104, 1.106, 7800.0
DC: 1.106, 1.108, 7800.0
DC: 1.108, 1.11, 0.0
DC: 1.11, 1.112, 7800.0
DC: 1.112, 1.114, 7800.0
DC: 1.114, 1.116, 7800.0
DC: 1.116, 1.118, 7800.0
DC: 1.118, 1.12, 12400.0
DC: 1.12, 1.122, 7800.0
DC: 1.122, 1.124, 7800.0
DC: 1.124, 1.126, 8400.0
DC: 1.126, 1.128, 13200.0
DC: 1.128, 1.13, 10200.0
DC: 1.13, 1.132, 10200.0
DC: 1.132, 1.134, 13200.0
DC: 1.134, 1.136, 7800.0
DC: 1.136, 1.138, 8400.0
DC: 1.138, 1.14, 0.0
DC: 1.14, 1.142, 0.0
DC: 1.142, 1.144, 13200.0
DC: 1.144, 1.146, 13200.0
DC: 1.146, 1.148, 7800.0
DC: 1.148, 1.15, 0.0
DC: 1.15, 1.152, 13800.0
DC: 1.152, 1.154, 0.0
DC: 1.154, 1.156, 12400.0
DC: 1.156, 1.158, 7800.0
DC: 1.158, 1.16, 13800.0
DC: 1.16, 1.162, 0.0
DC: 1.162, 1.164, 12400.0
DC: 1.164, 1.166, 8400.0
DC: 1.166, 1.168, 10200.0
DC: 1.168, 1.17, 0.0
DC: 1.17, 1.172, 0.0
DC: 1.172, 1.174, 8400.0
DC: 1.174, 1.176, 13200.0
DC: 1.176, 1.178, 7800.0
DC: 1.178, 1.18, 7800.0
DC: 1.18, 1.182, 7800.0
DC: 1.182, 1.184, 13800.0
DC: 1.184, 1.186, 0.0
DC: 1.186, 1.188, 13800.0
DC: 1.188, 1.19, 13200.0
DC: 1.19, 1.192, 7800.0
DC: 1.192, 1.194, 0.0
DC: 1.194, 1.196, 0.0
DC: 1.196, 1.198, 0.0
DC: 1.198, 1.2, 8400.0
DC: 1.2, 1.202, 8400.0
DC: 1.202, 1.204, 0.0
DC: 1.204, 1.206, 8400.0
DC: 1.206, 1.208, 13800.0
DC: 1.208, 1.21, 8400.0
DC: 1.21, 1.212, 12400.0
DC: 1.212, 1.214, 8400.0
DC: 1.214, 1.216, 13200.0
DC: 1.216, 1.218, 7800.0
DC: 1.218, 1.22, 7800.0
DC: 1.22, 1.222, 0.0
DC: 1.222, 1.224, 8400.0
DC: 1.224, 1.226, 13200.0
DC: 1.226, 1.228, 7800.0
DC: 1.228, 1.23, 10200.0
DC: 1.23, 1.232, 0.0
DC: 1.232, 1.234, 7800.0
DC: 1.234, 1.236, 7800.0
DC: 1.236, 1.238, 0.0
DC: 1.238, 1.24, 7800.0
DC: 1.24, 1.242, 8400.0
DC: 1.242, 1.244, 10200.0
DC: 1.244, 1.246, 0.0
DC: 1.246, 1.248, 0.0
DC: 1.248, 1.25, 8400.0
DC: 1.25, 1.252, 13200.0
DC: 1.252, 1.254, 7800.0
DC: 1.254, 1.256, 7800.0
DC: 1.256, 1.258, 8400.0
DC: 1.258, 1.26, 0.0
DC: 1.26, 1.262, 7800.0
DC: 1.262, 1.264, 13800.0
DC: 1.264, 1.266, 8400.0
DC: 1.266, 1.268, 12400.0
DC: 1.268, 1.27, 13200.0
DC: 1.27, 1.272, 7800.0
DC: 1.272, 1.274, 7800.0
DC: 1.274, 1.276, 7800.0
DC: 1.276, 1.278, 7800.0
DC: 1.278, 1.28, 13800.0
DC: 1.28, 1.282, 13200.0
DC: 1.282, 1.284, 7800.0
DC: 1.284, 1.286, 0.0
DC: 1.286, 1.288, 8400.0
DC: 1.288, 1.29, 8400.0
DC: 1.29, 1.292, 0.0
DC: 1.292, 1.294, 7800.0
DC: 1.294, 1.296, 13800.0
DC: 1.296, 1.298, 0.0
DC: 1.298, 1.3, 8400.0
DC: 1.3, 1.302, 0.0
DC: 1.302, 1.304, 12400.0
DC: 1.304, 1.306, 8400.0
DC: 1.306, 1.308, 10200.0
DC: 1.308, 1.31, 8400.0
DC: 1.31, 1.312, 13200.0
DC: 1.312, 1.314, 13200.0
DC: 1.314, 1.316, 7800.0
DC: 1.316, 1.318, 10200.0
DC: 1.318, 1.32, 7800.0
DC: 1.32, 1.322, 7800.0
DC: 1.322, 1.324, 7800.0
DC: 1.324, 1.326, 8400.0
DC: 1.326, 1.328, 13200.0
DC: 1.328, 1.33, 7800.0
DC: 1.33, 1.332, 0.0
DC: 1.332, 1.334, 13200.0
DC: 1.334, 1.336, 7800.0
DC: 1.336, 1.338, 8400.0
DC: 1.338, 1.34, 13200.0
DC: 1.34, 1.342, 7800.0
DC: 1.342, 1.344, 0.0
DC: 1.344, 1.346, 0.0
DC: 1.346, 1.348, 12400.0
DC: 1.348, 1.35, 7800.0
DC: 1.35, 1.352, 7800.0
DC: 1.352, 1.354, 8400.0
DC: 1.354, 1.356, 10200.0
DC: 1.356, 1.358, 13200.0
DC: 1.358, 1.36, 7800.0
DC: 1.36, 1.362, 10200.0
DC: 1.362, 1.364, 0.0
DC: 1.364, 1.366, 7800.0
DC: 1.366, 1.368, 7800.0
DC: 1.368, 1.37, 8400.0
DC: 1.37, 1.372, 12400.0
DC: 1.372, 1.374, 8400.0
DC: 1.374, 1.376, 13800.0
DC: 1.376, 1.378, 0.0
DC: 1.378, 1.38, 0.0
DC: 1.38, 1.382, 7800.0
DC: 1.382, 1.384, 12400.0
DC: 1.384, 1.386, 13200.0
DC: 1.386, 1.388, 7800.0
DC: 1.388, 1.39, 0.0
DC: 1.39, 1.392, 8400.0
DC: 1.392, 1.394, 8400.0
DC: 1.394, 1.396, 0.0
DC: 1.396, 1.398, 7800.0
DC: 1.398, 1.4, 12400.0
DC: 1.4, 1.402, 8400.0
DC: 1.402, 1.404, 0.0
DC: 1.404, 1.406, 8400.0
DC: 1.406, 1.408, 10200.0
DC: 1.408, 1.41, 13200.0
DC: 1.41, 1.412, 7800.0
DC: 1.412, 1.414, 8400.0
DC: 1.414, 1.416, 10200.0
DC: 1.416, 1.418, 0.0
DC: 1.418, 1.42, 12400.0
DC: 1.42, 1.422, 8400.0
DC: 1.422, 1.424, 12400.0
DC: 1.424, 1.426, 8400.0
DC: 1.426, 1.428, 7800.0
DC: 1.428, 1.43, 8400.0
DC: 1.43, 1.432, 0.0
DC: 1.432, 1.434, 7800.0
DC: 1.434, 1.436, 13800.0
DC: 1.436, 1.438, 8400.0
DC: 1.438, 1.44, 12400.0
DC: 1.44, 1.442, 0.0
DC: 1.442, 1.444, 12400.0
DC: 1.444, 1.446, 8400.0
DC: 1.446, 1.448, 12400.0
DC: 1.448, 1.45, 13200.0
DC: 1.45, 1.452, 7800.0
DC: 1.452, 1.454, 8400.0
DC: 1.454, 1.456, 13200.0
DC: 1.456, 1.458, 7800.0
DC: 1.458, 1.46, 0.0
DC: 1.46, 1.462, 0.0
DC: 1.462, 1.464, 0.0
DC: 1.464, 1.466, 8400.0
DC: 1.466, 1.468, 13200.0
DC: 1.468, 1.47, 13200.0
DC: 1.47, 1.472, 7800.0
DC: 1.472, 1.474, 10200.0
DC: 1.474, 1.476, 7800.0
DC: 1.476, 1.478, 8400.0
DC: 1.478, 1.48, 0.0
DC: 1.48, 1.482, 8400.0
DC: 1.482, 1.484, 13800.0
DC: 1.484, 1.486, 7800.0
DC: 1.486, 1.488, 12400.0
DC: 1.488, 1.49, 0.0
DC: 1.49, 1.492, 10200.0
DC: 1.492, 1.494, 13200.0
DC: 1.494, 1.496, 7800.0
DC: 1.496, 1.498, 0.0
DC: 1.498, 1.5, 12400.0
DC: 1.5, 1.502, 7800.0
DC: 1.502, 1.504, 13800.0
DC: 1.504, 1.506, 0.0
DC: 1.506, 1.508, 0.0
DC: 1.508, 1.51, 0.0
DC: 1.51, 1.512, 7800.0
DC: 1.512, 1.514, 7800.0
DC: 1.514, 1.516, 12400.0
DC: 1.516, 1.518, 0.0
DC: 1.518, 1.52, 12400.0
DC: 1.52, 1.522, 13200.0
DC: 1.522, 1.524, 7800.0
DC: 1.524, 1.526, 8400.0
DC: 1.526, 1.528, 13200.0
DC: 1.528, 1.53, 7800.0
DC: 1.53, 1.532, 0.0
DC: 1.532, 1.534, 0.0
DC: 1.534, 1.536, 12400.0
DC: 1.536, 1.538, 13200.0
DC: 1.538, 1.54, 7800.0
DC: 1.54, 1.542, 8400.0
DC: 1.542, 1.544, 12400.0
DC: 1.544, 1.546, 7800.0
DC: 1.546, 1.548, 7800.0
DC: 1.548, 1.55, 7800.0
DC: 1.55, 1.552, 13200.0
DC: 1.552, 1.554, 8400.0
DC: 1.554, 1.556, 13800.0
DC: 1.556, 1.558, 7800.0
DC: 1.558, 1.56, 12400.0
DC: 1.56, 1.562, 8400.0
DC: 1.562, 1.564, 13200.0
DC: 1.564, 1.566, 0.0
DC: 1.566, 1.568, 0.0
DC: 1.568, 1.57, 7800.0
DC: 1.57, 1.572, 13800.0
DC: 1.572, 1.574, 0.0
DC: 1.574, 1.576, 12400.0
DC: 1.576, 1.578, 8400.0
DC: 1.578, 1.58, 0.0
DC: 1.58, 1.582, 8400.0
DC: 1.582, 1.584, 13800.0
DC: 1.584, 1.586, 8400.0
DC: 1.586, 1.588, 12400.0
DC: 1.588, 1.59, 13200.0
DC: 1.59, 1.592, 7800.0
DC: 1.592, 1.594, 8400.0
DC: 1.594, 1.596, 12400.0
DC: 1.596, 1.598, 0.0
DC: 1.598, 1.6, 0.0
DC: 1.6, 1.602, 8400.0
DC: 1.602, 1.604, 13200.0
DC: 1.604, 1.606, 7800.0
DC: 1.606, 1.608, 7800.0
DC: 1.608, 1.61, 8400.0
DC: 1.61, 1.612, 12400.0
DC: 1.612, 1.614, 0.0
DC: 1.614, 1.616, 13200.0
DC: 1.616, 1.618, 0.0
DC: 1.618, 1.62, 0.0
DC: 1.62, 1.622, 0.0
DC: 1.622, 1.624, 8400.0
DC: 1.624, 1.626, 8400.0
DC: 1.626, 1.628, 13200.0
DC: 1.628, 1.63, 7800.0
DC: 1.63, 1.632, 7800.0
DC: 1.632, 1.634, 8400.0
DC: 1.634, 1.636, 0.0
DC: 1.636, 1.638, 7800.0
DC: 1.638, 1.64, 13800.0
DC: 1.64, 1.642, 13200.0
DC: 1.642, 1.644, 7800.0
DC: 1.644, 1.646, 8400.0
DC: 1.646, 1.648, 0.0
DC: 1.648, 1.65, 0.0
DC: 1.65, 1.652, 13200.0
DC: 1.652, 1.654, 13200.0
DC: 1.654, 1.656, 7800.0
DC: 1.656, 1.658, 8400.0
DC: 1.658, 1.66, 13200.0
DC: 1.66, 1.662, 7800.0
DC: 1.662, 1.664, 0.0
DC: 1.664, 1.666, 0.0
DC: 1.666, 1.668, 12400.0
DC: 1.668, 1.67, 13200.0
DC: 1.67, 1.672, 7800.0
DC: 1.672, 1.674, 0.0
DC: 1.674, 1.676, 0.0
DC: 1.676, 1.678, 8400.0
DC: 1.678, 1.68, 13800.0
DC: 1.68, 1.682, 0.0
DC: 1.682, 1.684, 10200.0
DC: 1.684, 1.686, 7800.0
DC: 1.686, 1.688, 7800.0
DC: 1.688, 1.69, 8400.0
DC: 1.69, 1.692, 13200.0
DC: 1.692, 1.694, 8400.0
DC: 1.694, 1.696, 0.0
DC: 1.696, 1.698, 8400.0
DC: 1.698, 1.7, 10200.0
DC: 1.7, 1.702, 10200.0
DC: 1.702, 1.704, 10200.0
DC: 1.704, 1.706, 13200.0
DC: 1.706, 1.708, 7800.0
DC: 1.708, 1.71, 8400.0
DC: 1.71, 1.712, 12400.0
DC: 1.712, 1.714, 10200.0
DC: 1.714, 1.716, 10200.0
DC: 1.716, 1.718, 8400.0
DC: 1.718, 1.72, 12400.0
DC: 1.72, 1.722, 8400.0
DC: 1.722, 1.724, 13200.0
DC: 1.724, 1.726, 0.0
DC: 1.726, 1.728, 12400.0
DC: 1.728, 1.73, 7800.0
DC: 1.73, 1.732, 13200.0
DC: 1.732, 1.734, 13200.0
DC: 1.734, 1.736, 8400.0
DC: 1.736, 1.738, 13200.0
DC: 1.738, 1.74, 7800.0
DC: 1.74, 1.742, 8400.0
DC: 1.742, 1.744, 13200.0
DC: 1.744, 1.746, 8400.0
DC: 1.746, 1.748, 10200.0
DC: 1.748, 1.75, 0.0
DC: 1.75, 1.752, 0.0
DC: 1.752, 1.754, 7800.0
DC: 1.754, 1.756, 13800.0
DC: 1.756, 1.758, 8400.0
DC: 1.758, 1.76, 12400.0
DC: 1.76, 1.762, 0.0
DC: 1.762, 1.764, 8400.0
DC: 1.764, 1.766, 0.0
DC: 1.766, 1.768, 12400.0
DC: 1.768, 1.77, 7800.0
DC: 1.77, 1.772, 13800.0
DC: 1.772, 1.774, 0.0
DC: 1.774, 1.776, 10200.0
DC: 1.776, 1.778, 7800.0
DC: 1.778, 1.78, 7800.0
DC: 1.78, 1.782, 7800.0
DC: 1.782, 1.784, 13800.0
DC: 1.784, 1.786, 0.0
DC: 1.786, 1.788, 13800.0
DC: 1.788, 1.79, 13200.0
DC: 1.79, 1.792, 7800.0
DC: 1.792, 1.794, 8400.0
DC: 1.794, 1.796, 13200.0
DC: 1.796, 1.798, 7800.0
DC: 1.798, 1.8, 0.0
DC: 1.8, 1.802, 0.0
DC: 1.802, 1.804, 12400.0
DC: 1.804, 1.806, 13200.0
DC: 1.806, 1.808, 7800.0
DC: 1.808, 1.81, 0.0
DC: 1.81, 1.812, 7800.0
DC: 1.812, 1.814, 8400.0
DC: 1.814, 1.816, 0.0
DC: 1.816, 1.818, 8400.0
DC: 1.818, 1.82, 13800.0
DC: 1.82, 1.822, 7800.0
DC: 1.822, 1.824, 13800.0
DC: 1.824, 1.826, 0.0
DC: 1.826, 1.828, 10200.0
DC: 1.828, 1.83, 0.0
DC: 1.83, 1.832, 0.0
DC: 1.832, 1.834, 8400.0
DC: 1.834, 1.836, 10200.0
DC: 1.836, 1.838, 7800.0
DC: 1.838, 1.84, 7800.0
DC: 1.84, 1.842, 0.0
DC: 1.842, 1.844, 12400.0
DC: 1.844, 1.846, 8400.0
DC: 1.846, 1.848, 12400.0
DC: 1.848, 1.85, 13200.0
DC: 1.85, 1.852, 7800.0
DC: 1.852, 1.854, 8400.0
DC: 1.854, 1.856, 0.0
DC: 1.856, 1.858, 0.0
DC: 1.858, 1.86, 13200.0
DC: 1.86, 1.862, 13200.0
DC: 1.862, 1.864, 7800.0
DC: 1.864, 1.866, 8400.0
DC: 1.866, 1.868, 13200.0
DC: 1.868, 1.87, 7800.0
DC: 1.87, 1.872, 0.0
DC: 1.872, 1.874, 0.0
DC: 1.874, 1.876, 12400.0
DC: 1.876, 1.878, 13200.0
DC: 1.878, 1.88, 7800.0
DC: 1.88, 1.882, 8400.0
DC: 1.882, 1.884, 13200.0
DC: 1.884, 1.886, 10200.0
DC: 1.886, 1.888, 7800.0
DC: 1.888, 1.89, 8400.0
DC: 1.89, 1.892, 0.0
DC: 1.892, 1.894, 13200.0
DC: 1.894, 1.896, 7800.0
DC: 1.896, 1.898, 8400.0
DC: 1.898, 1.9, 12400.0
DC: 1.9, 1.902, 0.0
DC: 1.902, 1.904, 12400.0
DC: 1.904, 1.906, 7800.0
DC: 1.906, 1.908, 13800.0
DC: 1.908, 1.91, 8400.0
DC: 1.91, 1.912, 12400.0
DC: 1.912, 1.914, 0.0
DC: 1.914, 1.916, 12400.0
DC: 1.916, 1.918, 8400.0
DC: 1.918, 1.92, 12400.0
DC: 1.92, 1.922, 13200.0
DC: 1.922, 1.924, 7800.0
DC: 1.924, 1.926, 13800.0
DC: 1.926, 1.928, 13200.0
DC: 1.928, 1.93, 7800.0
DC: 1.93, 1.932, 7800.0
DC: 1.932, 1.934, 13200.0
DC: 1.934, 1.936, 8400.0
DC: 1.936, 1.938, 0.0
DC: 1.938, 1.94, 12400.0
DC: 1.94, 1.942, 13200.0
DC: 1.942, 1.944, 8400.0
DC: 1.944, 1.946, 13200.0
DC: 1.946, 1.948, 10200.0
DC: 1.948, 1.95, 13200.0
DC: 1.95, 1.952, 7800.0
DC: 1.952, 1.954, 8400.0
DC: 1.954, 1.956, 12400.0
DC: 1.956, 1.958, 8400.0
DC: 1.958, 1.96, 0.0
DC: 1.96, 1.962, 8400.0
DC: 1.962, 1.964, 13800.0
DC: 1.964, 1.966, 7800.0
DC: 1.966, 1.968, 13800.0
DC: 1.968, 1.97, 0.0
DC: 1.97, 1.972, 10200.0
DC: 1.972, 1.974, 13200.0
DC: 1.974, 1.976, 7800.0
DC: 1.976, 1.978, 0.0
DC: 1.978, 1.98, 0.0
DC: 1.98, 1.982, 7800.0
DC: 1.982, 1.984, 13800.0
DC: 1.984, 1.986, 0.0
DC: 1.986, 1.988, 10200.0
DC: 1.988, 1.99, 13200.0
DC: 1.99, 1.992, 7800.0
DC: 1.992, 1.994, 0.0
DC: 1.994, 1.996, 8400.0
DC: 1.996, 1.998, 8400.0
DC: 1.998, 2.0, 0.0
DC: 2.0, 2.002, 7800.0
DC: 2.002, 2.004, 12400.0
DC: 2.004, 2.006, 8400.0
DC: 2.006, 2.008, 0.0
DC: 2.008, 2.01, 8400.0
DC: 2.01, 2.012, 10200.0
DC: 2.012, 2.014, 13800.0
DC: 2.014, 2.016, 13800.0
DC: 2.016, 2.018, 13200.0
DC: 2.018, 2.02, 10200.0
DC: 2.02, 2.022, 13200.0
DC: 2.022, 2.024, 7800.0
DC: 2.024, 2.026, 7800.0
DC: 2.026, 2.028, 0.0
DC: 2.028, 2.03, 0.0
DC: 2.03, 2.032, 12400.0
DC: 2.032, 2.034, 8400.0
DC: 2.034, 2.036, 10200.0
DC: 2.036, 2.038, 0.0
DC: 2.038, 2.04, 12400.0
DC: 2.04, 2.042, 7800.0
DC: 2.042, 2.044, 7800.0
DC: 2.044, 2.046, 7800.0
DC: 2.046, 2.048, 13800.0
DC: 2.048, 2.05, 13200.0
DC: 2.05, 2.052, 7800.0
DC: 2.052, 2.054, 0.0
DC: 2.054, 2.056, 0.0
DC: 2.056, 2.058, 13200.0
DC: 2.058, 2.06, 7800.0
DC: 2.06, 2.062, 8400.0
DC: 2.062, 2.064, 12400.0
DC: 2.064, 2.066, 8400.0
DC: 2.066, 2.068, 13200.0
DC: 2.068, 2.07, 8400.0
DC: 2.07, 2.072, 10200.0
DC: 2.072, 2.074, 0.0
DC: 2.074, 2.076, 0.0
DC: 2.076, 2.078, 8400.0
DC: 2.078, 2.08, 13200.0
DC: 2.08, 2.082, 0.0
DC: 2.082, 2.084, 12400.0
DC: 2.084, 2.086, 0.0
DC: 2.086, 2.088, 13800.0
DC: 2.088, 2.09, 10200.0
DC: 2.09, 2.092, 10200.0
DC: 2.092, 2.094, 13200.0
DC: 2.094, 2.096, 7800.0
DC: 2.096, 2.098, 0.0
DC: 2.098, 2.1, 13200.0
DC: 2.1, 2.102, 8400.0
DC: 2.102, 2.104, 0.0
DC: 2.104, 2.106, 8400.0
DC: 2.106, 2.108, 10200.0
DC: 2.108, 2.11, 13200.0
DC: 2.11, 2.112, 7800.0
DC: 2.112, 2.114, 8400.0
DC: 2.114, 2.116, 13200.0
DC: 2.116, 2.118, 7800.0
DC: 2.118, 2.12, 0.0
DC: 2.12, 2.122, 0.0
DC: 2.122, 2.124, 12400.0
DC: 2.124, 2.126, 7800.0
DC: 2.126, 2.128, 7800.0
DC: 2.128, 2.13, 8400.0
DC: 2.13, 2.132, 10200.0
DC: 2.132, 2.134, 13200.0
DC: 2.134, 2.136, 7800.0
DC: 2.136, 2.138, 0.0
DC: 2.138, 2.14, 8400.0
DC: 2.14, 2.142, 8400.0
DC: 2.142, 2.144, 0.0
DC: 2.144, 2.146, 7800.0
DC: 2.146, 2.148, 13800.0
DC: 2.148, 2.15, 0.0
DC: 2.15, 2.152, 8400.0
DC: 2.152, 2.154, 8400.0
DC: 2.154, 2.156, 13800.0
DC: 2.156, 2.158, 8400.0
DC: 2.158, 2.16, 10200.0
DC: 2.16, 2.162, 8400.0
DC: 2.162, 2.164, 10200.0
DC: 2.164, 2.166, 0.0
DC: 2.166, 2.168, 12400.0
DC: 2.168, 2.17, 7800.0
DC: 2.17, 2.172, 13800.0
DC: 2.172, 2.174, 8400.0
DC: 2.174, 2.176, 13200.0
DC: 2.176, 2.178, 13200.0
DC: 2.178, 2.18, 7800.0
DC: 2.18, 2.182, 0.0
DC: 2.182, 2.184, 0.0
DC: 2.184, 2.186, 7800.0
DC: 2.186, 2.188, 13800.0
DC: 2.188, 2.19, 0.0
DC: 2.19, 2.192, 10200.0
DC: 2.192, 2.194, 13200.0
DC: 2.194, 2.196, 7800.0
DC: 2.196, 2.198, 8400.0
DC: 2.198, 2.2, 12400.0
DC: 2.2, 2.202, 10200.0
DC: 2.202, 2.204, 10200.0
DC: 2.204, 2.206, 7800.0
DC: 2.206, 2.208, 13800.0
DC: 2.208, 2.21, 0.0
DC: 2.21, 2.212, 12400.0
DC: 2.212, 2.214, 8400.0
DC: 2.214, 2.216, 12400.0
DC: 2.216, 2.218, 8400.0
DC: 2.218, 2.22, 13200.0
DC: 2.22, 2.222, 7800.0
DC: 2.222, 2.224, 0.0
DC: 2.224, 2.226, 0.0
DC: 2.226, 2.228, 12400.0
DC: 2.228, 2.23, 8400.0
DC: 2.23, 2.232, 13200.0
DC: 2.232, 2.234, 7800.0
DC: 2.234, 2.236, 7800.0
DC: 2.236, 2.238, 0.0
DC: 2.238, 2.24, 8400.0
DC: 2.24, 2.242, 13200.0
DC: 2.242, 2.244, 7800.0
DC: 2.244, 2.246, 0.0
DC: 2.246, 2.248, 13200.0
DC: 2.248, 2.25, 8400.0
DC: 2.25, 2.252, 13800.0
DC: 2.252, 2.254, 7800.0
DC: 2.254, 2.256, 12400.0
DC: 2.256, 2.258, 0.0
DC: 2.258, 2.26, 13200.0
DC: 2.26, 2.262, 7800.0
DC: 2.262, 2.264, 7800.0
DC: 2.264, 2.266, 7800.0
DC: 2.266, 2.268, 12400.0
DC: 2.268, 2.27, 7800.0
DC: 2.27, 2.272, 12400.0
DC: 2.272, 2.274, 7800.0
DC: 2.274, 2.276, 13200.0
DC: 2.276, 2.278, 0.0
DC: 2.278, 2.28, 12400.0
DC: 2.28, 2.282, 7800.0
DC: 2.282, 2.284, 13800.0
DC: 2.284, 2.286, 8400.0
DC: 2.286, 2.288, 13200.0
DC: 2.288, 2.29, 13200.0
DC: 2.29, 2.292, 7800.0
DC: 2.292, 2.294, 7800.0
DC: 2.294, 2.296, 7800.0
DC: 2.296, 2.298, 8400.0
DC: 2.298, 2.3, 12400.0
DC: 2.3, 2.302, 13200.0
DC: 2.302, 2.304, 7800.0
DC: 2.304, 2.306, 0.0
DC: 2.306, 2.308, 12400.0
DC: 2.308, 2.31, 7800.0
DC: 2.31, 2.312, 12400.0
DC: 2.312, 2.314, 8400.0
DC: 2.314, 2.316, 13800.0
DC: 2.316, 2.318, 0.0
DC: 2.318, 2.32, 8400.0
DC: 2.32, 2.322, 7800.0
DC: 2.322, 2.324, 7800.0
DC: 2.324, 2.326, 0.0
DC: 2.326, 2.328, 10200.0
DC: 2.328, 2.33, 0.0
DC: 2.33, 2.332, 0.0
DC: 2.332, 2.334, 8400.0
DC: 2.334, 2.336, 13200.0
DC: 2.336, 2.338, 0.0
DC: 2.338, 2.34, 12400.0
DC: 2.34, 2.342, 0.0
DC: 2.342, 2.344, 10200.0
DC: 2.344, 2.346, 13200.0
DC: 2.346, 2.348, 7800.0
DC: 2.348, 2.35, 0.0
DC: 2.35, 2.352, 7800.0
DC: 2.352, 2.354, 10200.0
DC: 2.354, 2.356, 10200.0
DC: 2.356, 2.358, 13200.0
DC: 2.358, 2.36, 7800.0
DC: 2.36, 2.362, 0.0
DC: 2.362, 2.364, 12400.0
DC: 2.364, 2.366, 7800.0
DC: 2.366, 2.368, 12400.0
DC: 2.368, 2.37, 0.0
DC: 2.37, 2.372, 12400.0
DC: 2.372, 2.374, 0.0
DC: 2.374, 2.376, 8400.0
DC: 2.376, 2.378, 8400.0
DC: 2.378, 2.38, 13200.0
DC: 2.38, 2.382, 8400.0
DC: 2.382, 2.384, 10200.0
DC: 2.384, 2.386, 7800.0
DC: 2.386, 2.388, 7800.0
DC: 2.388, 2.39, 0.0
DC: 2.39, 2.392, 8400.0
DC: 2.392, 2.394, 0.0
DC: 2.394, 2.396, 0.0
DC: 2.396, 2.398, 7800.0
DC: 2.398, 2.4, 12400.0
DC: 2.4, 2.402, 7800.0
DC: 2.402, 2.404, 12400.0
DC: 2.404, 2.406, 10200.0
DC: 2.406, 2.408, 10200.0
DC: 2.408, 2.41, 13200.0
DC: 2.41, 2.412, 7800.0
DC: 2.412, 2.414, 0.0
DC: 2.414, 2.416, 0.0
DC: 2.416, 2.418, 0.0
DC: 2.418, 2.42, 8400.0
DC: 2.42, 2.422, 8400.0
DC: 2.422, 2.424, 13200.0
DC: 2.424, 2.426, 8400.0
DC: 2.426, 2.428, 13800.0
DC: 2.428, 2.43, 0.0
DC: 2.43, 2.432, 0.0
DC: 2.432, 2.434, 8400.0
DC: 2.434, 2.436, 13200.0
DC: 2.436, 2.438, 7800.0
DC: 2.438, 2.44, 7800.0
DC: 2.44, 2.442, 7800.0
DC: 2.442, 2.444, 13800.0
DC: 2.444, 2.446, 0.0
DC: 2.446, 2.448, 13800.0
DC: 2.448, 2.45, 13200.0
DC: 2.45, 2.452, 7800.0
DC: 2.452, 2.454, 0.0
DC: 2.454, 2.456, 0.0
DC: 2.456, 2.458, 7800.0
DC: 2.458, 2.46, 13800.0
DC: 2.46, 2.462, 13200.0
DC: 2.462, 2.464, 7800.0
DC: 2.464, 2.466, 8400.0
DC: 2.466, 2.468, 0.0
DC: 2.468, 2.47, 8400.0
DC: 2.47, 2.472, 10200.0
DC: 2.472, 2.474, 0.0
DC: 2.474, 2.476, 13800.0
DC: 2.476, 2.478, 0.0
DC: 2.478, 2.48, 0.0
DC: 2.48, 2.482, 7800.0
DC: 2.482, 2.484, 13800.0
DC: 2.484, 2.486, 8400.0
DC: 2.486, 2.488, 0.0
DC: 2.488, 2.49, 0.0
DC: 2.49, 2.492, 13800.0
DC: 2.492, 2.494, 0.0
DC: 2.494, 2.496, 12400.0
DC: 2.496, 2.498, 7800.0
DC: 2.498, 2.5, 12400.0
DC: 2.5, 2.502, 13200.0
DC: 2.502, 2.504, 7800.0
DC: 2.504, 2.506, 8400.0
DC: 2.506, 2.508, 7800.0
DC: 2.508, 2.51, 7800.0
DC: 2.51, 2.512, 0.0
DC: 2.512, 2.514, 8400.0
DC: 2.514, 2.516, 0.0
DC: 2.516, 2.518, 8400.0
DC: 2.518, 2.52, 13200.0
DC: 2.52, 2.522, 8400.0
DC: 2.522, 2.524, 0.0
DC: 2.524, 2.526, 7800.0
DC: 2.526, 2.528, 13800.0
DC: 2.528, 2.53, 7800.0
DC: 2.53, 2.532, 7800.0
DC: 2.532, 2.534, 0.0
DC: 2.534, 2.536, 8400.0
DC: 2.536, 2.538, 13200.0
DC: 2.538, 2.54, 7800.0
DC: 2.54, 2.542, 0.0
DC: 2.542, 2.544, 10200.0
DC: 2.544, 2.546, 0.0
DC: 2.546, 2.548, 12400.0
DC: 2.548, 2.55, 10200.0
DC: 2.55, 2.552, 0.0
DC: 2.552, 2.554, 7800.0
DC: 2.554, 2.556, 7800.0
DC: 2.556, 2.558, 0.0
DC: 2.558, 2.56, 8400.0
DC: 2.56, 2.562, 0.0
DC: 2.562, 2.564, 12400.0
DC: 2.564, 2.566, 13200.0
DC: 2.566, 2.568, 10200.0
DC: 2.568, 2.57, 13200.0
DC: 2.57, 2.572, 7800.0
DC: 2.572, 2.574, 0.0
DC: 2.574, 2.576, 8400.0
DC: 2.576, 2.578, 8400.0
DC: 2.578, 2.58, 0.0
DC: 2.58, 2.582, 7800.0
DC: 2.582, 2.584, 13800.0
DC: 2.584, 2.586, 8400.0
DC: 2.586, 2.588, 13200.0
DC: 2.588, 2.59, 8400.0
DC: 2.59, 2.592, 10200.0
DC: 2.592, 2.594, 8400.0
DC: 2.594, 2.596, 0.0
DC: 2.596, 2.598, 7800.0
DC: 2.598, 2.6, 12400.0
DC: 2.6, 2.602, 7800.0
DC: 2.602, 2.604, 12400.0
DC: 2.604, 2.606, 0.0
DC: 2.606, 2.608, 12400.0
DC: 2.608, 2.61, 0.0
DC: 2.61, 2.612, 10200.0
DC: 2.612, 2.614, 13200.0
DC: 2.614, 2.616, 7800.0
DC: 2.616, 2.618, 0.0
DC: 2.618, 2.62, 7800.0
DC: 2.62, 2.622, 10200.0
DC: 2.622, 2.624, 10200.0
DC: 2.624, 2.626, 13200.0
DC: 2.626, 2.628, 7800.0
DC: 2.628, 2.63, 0.0
DC: 2.63, 2.632, 0.0
DC: 2.632, 2.634, 13200.0
DC: 2.634, 2.636, 7800.0
DC: 2.636, 2.638, 8400.0
DC: 2.638, 2.64, 12400.0
DC: 2.64, 2.642, 7800.0
DC: 2.642, 2.644, 7800.0
DC: 2.644, 2.646, 7800.0
DC: 2.646, 2.648, 13800.0
DC: 2.648, 2.65, 0.0
DC: 2.65, 2.652, 13800.0
DC: 2.652, 2.654, 7800.0
DC: 2.654, 2.656, 12400.0
DC: 2.656, 2.658, 0.0
DC: 2.658, 2.66, 12400.0
DC: 2.66, 2.662, 13200.0
DC: 2.662, 2.664, 7800.0
DC: 2.664, 2.666, 7800.0
DC: 2.666, 2.668, 7800.0
DC: 2.668, 2.67, 7800.0
DC: 2.67, 2.672, 13800.0
DC: 2.672, 2.674, 8400.0
DC: 2.674, 2.676, 7800.0
DC: 2.676, 2.678, 8400.0
DC: 2.678, 2.68, 13800.0
DC: 2.68, 2.682, 8400.0
DC: 2.682, 2.684, 13200.0
DC: 2.684, 2.686, 13200.0
DC: 2.686, 2.688, 7800.0
DC: 2.688, 2.69, 8400.0
DC: 2.69, 2.692, 12400.0
DC: 2.692, 2.694, 7800.0
DC: 2.694, 2.696, 7800.0
DC: 2.696, 2.698, 0.0
DC: 2.698, 2.7, 13800.0
DC: 2.7, 2.702, 7800.0
DC: 2.702, 2.704, 13800.0
DC: 2.704, 2.706, 0.0
DC: 2.706, 2.708, 0.0
DC: 2.708, 2.71, 7800.0
DC: 2.71, 2.712, 12400.0
DC: 2.712, 2.714, 13200.0
DC: 2.714, 2.716, 8400.0
DC: 2.716, 2.718, 13200.0
DC: 2.718, 2.72, 7800.0
DC: 2.72, 2.722, 8400.0
DC: 2.722, 2.724, 13200.0
DC: 2.724, 2.726, 7800.0
DC: 2.726, 2.728, 0.0
DC: 2.728, 2.73, 7800.0
DC: 2.73, 2.732, 7800.0
DC: 2.732, 2.734, 8400.0
DC: 2.734, 2.736, 12400.0
DC: 2.736, 2.738, 13200.0
DC: 2.738, 2.74, 7800.0
DC: 2.74, 2.742, 7800.0
DC: 2.742, 2.744, 13800.0
DC: 2.744, 2.746, 0.0
DC: 2.746, 2.748, 12400.0
DC: 2.748, 2.75, 10200.0
DC: 2.75, 2.752, 7800.0
DC: 2.752, 2.754, 13200.0
DC: 2.754, 2.756, 7800.0
DC: 2.756, 2.758, 0.0
DC: 2.758, 2.76, 8400.0
DC: 2.76, 2.762, 7800.0
DC: 2.762, 2.764, 12400.0
DC: 2.764, 2.766, 0.0
DC: 2.766, 2.768, 0.0
DC: 2.768, 2.77, 8400.0
DC: 2.77, 2.772, 12400.0
DC: 2.772, 2.774, 8400.0
DC: 2.774, 2.776, 12400.0
DC: 2.776, 2.778, 13200.0
DC: 2.778, 2.78, 7800.0
DC: 2.78, 2.782, 8400.0
DC: 2.782, 2.784, 0.0
DC: 2.784, 2.786, 0.0
DC: 2.786, 2.788, 13200.0
DC: 2.788, 2.79, 13200.0
DC: 2.79, 2.792, 7800.0
DC: 2.792, 2.794, 0.0
DC: 2.794, 2.796, 10200.0
DC: 2.796, 2.798, 0.0
DC: 2.798, 2.8, 12400.0
DC: 2.8, 2.802, 10200.0
DC: 2.802, 2.804, 0.0
DC: 2.804, 2.806, 7800.0
DC: 2.806, 2.808, 7800.0
DC: 2.808, 2.81, 0.0
DC: 2.81, 2.812, 8400.0
DC: 2.812, 2.814, 0.0
DC: 2.814, 2.816, 12400.0
DC: 2.816, 2.818, 8400.0
DC: 2.818, 2.82, 12400.0
DC: 2.82, 2.822, 13200.0
DC: 2.822, 2.824, 7800.0
DC: 2.824, 2.826, 8400.0
DC: 2.826, 2.828, 13200.0
DC: 2.828, 2.83, 7800.0
DC: 2.83, 2.832, 0.0
DC: 2.832, 2.834, 0.0
DC: 2.834, 2.836, 0.0
DC: 2.836, 2.838, 8400.0
DC: 2.838, 2.84, 13200.0
DC: 2.84, 2.842, 13200.0
DC: 2.842, 2.844, 7800.0
DC: 2.844, 2.846, 7800.0
DC: 2.846, 2.848, 7800.0
DC: 2.848, 2.85, 7800.0
DC: 2.85, 2.852, 13800.0
DC: 2.852, 2.854, 8400.0
DC: 2.854, 2.856, 13200.0
DC: 2.856, 2.858, 0.0
DC: 2.858, 2.86, 12400.0
DC: 2.86, 2.862, 0.0
DC: 2.862, 2.864, 13800.0
DC: 2.864, 2.866, 8400.0
DC: 2.866, 2.868, 10200.0
DC: 2.868, 2.87, 0.0
DC: 2.87, 2.872, 0.0
DC: 2.872, 2.874, 8400.0
DC: 2.874, 2.876, 13200.0
DC: 2.876, 2.878, 0.0
DC: 2.878, 2.88, 12400.0
DC: 2.88, 2.882, 13200.0
DC: 2.882, 2.884, 7800.0
DC: 2.884, 2.886, 0.0
DC: 2.886, 2.888, 0.0
DC: 2.888, 2.89, 13200.0
DC: 2.89, 2.892, 7800.0
DC: 2.892, 2.894, 0.0
DC: 2.894, 2.896, 8400.0
DC: 2.896, 2.898, 8400.0
DC: 2.898, 2.9, 0.0
DC: 2.9, 2.902, 7800.0
DC: 2.902, 2.904, 12400.0
DC: 2.904, 2.906, 8400.0
DC: 2.906, 2.908, 0.0
DC: 2.908, 2.91, 8400.0
DC: 2.91, 2.912, 10200.0
DC: 2.912, 2.914, 13200.0
DC: 2.914, 2.916, 7800.0
DC: 2.916, 2.918, 7800.0
DC: 2.918, 2.92, 13200.0
DC: 2.92, 2.922, 8400.0
DC: 2.922, 2.924, 0.0
DC: 2.924, 2.926, 0.0
DC: 2.926, 2.928, 10200.0
DC: 2.928, 2.93, 8400.0
DC: 2.93, 2.932, 13800.0
DC: 2.932, 2.934, 7800.0
DC: 2.934, 2.936, 12400.0
DC: 2.936, 2.938, 0.0
DC: 2.938, 2.94, 12400.0
DC: 2.94, 2.942, 13200.0
DC: 2.942, 2.944, 7800.0
DC: 2.944, 2.946, 10200.0
DC: 2.946, 2.948, 7800.0
DC: 2.948, 2.95, 7800.0
DC: 2.95, 2.952, 7800.0
DC: 2.952, 2.954, 8400.0
DC: 2.954, 2.956, 13200.0
DC: 2.956, 2.958, 7800.0
DC: 2.958, 2.96, 0.0
DC: 2.96, 2.962, 13200.0
DC: 2.962, 2.964, 7800.0
DC: 2.964, 2.966, 0.0
DC: 2.966, 2.968, 0.0
DC: 2.968, 2.97, 13200.0
DC: 2.97, 2.972, 7800.0
DC: 2.972, 2.974, 8400.0
DC: 2.974, 2.976, 12400.0
DC: 2.976, 2.978, 8400.0
DC: 2.978, 2.98, 7800.0
DC: 2.98, 2.982, 0.0
DC: 2.982, 2.984, 12400.0
DC: 2.984, 2.986, 0.0
DC: 2.986, 2.988, 0.0
DC: 2.988, 2.99, 7800.0
DC: 2.99, 2.992, 10200.0
DC: 2.992, 2.994, 0.0
DC: 2.994, 2.996, 12400.0
DC: 2.996, 2.998, 8400.0
DC: 2.998, 3.0, 10200.0
DC: 3.0, 3.002, 13200.0
DC: 3.002, 3.004, 7800.0
DC: 3.004, 3.006, 7800.0
DC: 3.006, 3.008, 7800.0
DC: 3.008, 3.01, 8400.0
DC: 3.01, 3.012, 12400.0
DC: 3.012, 3.014, 13200.0
DC: 3.014, 3.016, 7800.0
DC: 3.016, 3.018, 0.0
DC: 3.018, 3.02, 13200.0
DC: 3.02, 3.022, 0.0
DC: 3.022, 3.024, 0.0
DC: 3.024, 3.026, 0.0
DC: 3.026, 3.028, 7800.0
DC: 3.028, 3.03, 8400.0
DC: 3.03, 3.032, 10200.0
DC: 3.032, 3.034, 7800.0
DC: 3.034, 3.036, 7800.0
DC: 3.036, 3.038, 0.0
DC: 3.038, 3.04, 8400.0
DC: 3.04, 3.042, 0.0
DC: 3.042, 3.044, 0.0
DC: 3.044, 3.046, 8400.0
DC: 3.046, 3.048, 13200.0
DC: 3.048, 3.05, 0.0
DC: 3.05, 3.052, 12400.0
DC: 3.052, 3.054, 0.0
DC: 3.054, 3.056, 10200.0
DC: 3.056, 3.058, 13200.0
DC: 3.058, 3.06, 7800.0
DC: 3.06, 3.062, 0.0
DC: 3.062, 3.064, 13200.0
DC: 3.064, 3.066, 8400.0
DC: 3.066, 3.068, 10200.0
DC: 3.068, 3.07, 8400.0
DC: 3.07, 3.072, 0.0
DC: 3.072, 3.074, 7800.0
DC: 3.074, 3.076, 13200.0
DC: 3.076, 3.078, 13200.0
DC: 3.078, 3.08, 7800.0
DC: 3.08, 3.082, 0.0
DC: 3.082, 3.084, 0.0
DC: 3.084, 3.086, 13200.0
DC: 3.086, 3.088, 7800.0
DC: 3.088, 3.09, 7800.0
DC: 3.09, 3.092, 13200.0
DC: 3.092, 3.094, 0.0
DC: 3.094, 3.096, 12400.0
DC: 3.096, 3.098, 0.0
DC: 3.098, 3.1, 8400.0
DC: 3.1, 3.102, 7800.0
DC: 3.102, 3.104, 0.0
DC: 3.104, 3.106, 0.0
DC: 3.106, 3.108, 0.0
DC: 3.108, 3.11, 7800.0
DC: 3.11, 3.112, 13800.0
DC: 3.112, 3.114, 8400.0
DC: 3.114, 3.116, 0.0
DC: 3.116, 3.118, 0.0
DC: 3.118, 3.12, 8400.0
DC: 3.12, 3.122, 7800.0
DC: 3.122, 3.124, 0.0
DC: 3.124, 3.126, 8400.0
DC: 3.126, 3.128, 10200.0
DC: 3.128, 3.13, 8400.0
DC: 3.13, 3.132, 0.0
DC: 3.132, 3.134, 7800.0
DC: 3.134, 3.136, 13200.0
DC: 3.136, 3.138, 7800.0
DC: 3.138, 3.14, 7800.0
DC: 3.14, 3.142, 0.0
DC: 3.142, 3.144, 8400.0
DC: 3.144, 3.146, 13200.0
DC: 3.146, 3.148, 7800.0
DC: 3.148, 3.15, 7800.0
DC: 3.15, 3.152, 12400.0
DC: 3.152, 3.154, 0.0
DC: 3.154, 3.156, 0.0
DC: 3.156, 3.158, 10200.0
DC: 3.158, 3.16, 10200.0
DC: 3.16, 3.162, 0.0
DC: 3.162, 3.164, 12400.0
DC: 3.164, 3.166, 8400.0
DC: 3.166, 3.168, 10200.0
DC: 3.168, 3.17, 13200.0
DC: 3.17, 3.172, 7800.0
DC: 3.172, 3.174, 8400.0
DC: 3.174, 3.176, 13200.0
DC: 3.176, 3.178, 7800.0
DC: 3.178, 3.18, 0.0
DC: 3.18, 3.182, 0.0
DC: 3.182, 3.184, 0.0
DC: 3.184, 3.186, 8400.0
DC: 3.186, 3.188, 13200.0
DC: 3.188, 3.19, 13200.0
DC: 3.19, 3.192, 7800.0
DC: 3.192, 3.194, 0.0
DC: 3.194, 3.196, 8400.0
DC: 3.196, 3.198, 8400.0
DC: 3.198, 3.2, 0.0
DC: 3.2, 3.202, 7800.0
DC: 3.202, 3.204, 13200.0
DC: 3.204, 3.206, 8400.0
DC: 3.206, 3.208, 7800.0
DC: 3.208, 3.21, 8400.0
DC: 3.21, 3.212, 10200.0
DC: 3.212, 3.214, 7800.0
DC: 3.214, 3.216, 7800.0
DC: 3.216, 3.218, 8400.0
DC: 3.218, 3.22, 12400.0
DC: 3.22, 3.222, 0.0
DC: 3.222, 3.224, 12400.0
DC: 3.224, 3.226, 8400.0
DC: 3.226, 3.228, 12400.0
DC: 3.228, 3.23, 13200.0
DC: 3.23, 3.232, 7800.0
DC: 3.232, 3.234, 0.0
DC: 3.234, 3.236, 8400.0
DC: 3.236, 3.238, 7800.0
DC: 3.238, 3.24, 12400.0
DC: 3.24, 3.242, 8400.0
DC: 3.242, 3.244, 0.0
DC: 3.244, 3.246, 8400.0
DC: 3.246, 3.248, 12400.0
DC: 3.248, 3.25, 0.0
DC: 3.25, 3.252, 12400.0
DC: 3.252, 3.254, 13800.0
DC: 3.254, 3.256, 0.0
DC: 3.256, 3.258, 8400.0
DC: 3.258, 3.26, 7800.0
DC: 3.26, 3.262, 0.0
DC: 3.262, 3.264, 0.0
DC: 3.264, 3.266, 0.0
DC: 3.266, 3.268, 8400.0
DC: 3.268, 3.27, 7800.0
DC: 3.27, 3.272, 10200.0
DC: 3.272, 3.274, 0.0
DC: 3.274, 3.276, 12400.0
DC: 3.276, 3.278, 0.0
DC: 3.278, 3.28, 10200.0
DC: 3.28, 3.282, 13200.0
DC: 3.282, 3.284, 7800.0
DC: 3.284, 3.286, 8400.0
DC: 3.286, 3.288, 7800.0
DC: 3.288, 3.29, 7800.0
DC: 3.29, 3.292, 0.0
DC: 3.292, 3.294, 8400.0
DC: 3.294, 3.296, 0.0
DC: 3.296, 3.298, 8400.0
DC: 3.298, 3.3, 13200.0
DC: 3.3, 3.302, 8400.0
DC: 3.302, 3.304, 0.0
DC: 3.304, 3.306, 7800.0
DC: 3.306, 3.308, 13800.0
DC: 3.308, 3.31, 7800.0
DC: 3.31, 3.312, 7800.0
DC: 3.312, 3.314, 0.0
DC: 3.314, 3.316, 8400.0
DC: 3.316, 3.318, 13200.0
DC: 3.318, 3.32, 7800.0
DC: 3.32, 3.322, 7800.0
DC: 3.322, 3.324, 12400.0
DC: 3.324, 3.326, 0.0
DC: 3.326, 3.328, 0.0
DC: 3.328, 3.33, 8400.0
DC: 3.33, 3.332, 13200.0
DC: 3.332, 3.334, 8400.0
DC: 3.334, 3.336, 13200.0
DC: 3.336, 3.338, 7800.0
DC: 3.338, 3.34, 7800.0
DC: 3.34, 3.342, 0.0
DC: 3.342, 3.344, 8400.0
DC: 3.344, 3.346, 0.0
DC: 3.346, 3.348, 12400.0
DC: 3.348, 3.35, 13200.0
DC: 3.35, 3.352, 7800.0
DC: 3.352, 3.354, 10200.0
DC: 3.354, 3.356, 7800.0
DC: 3.356, 3.358, 7800.0
DC: 3.358, 3.36, 7800.0
DC: 3.36, 3.362, 8400.0
DC: 3.362, 3.364, 13200.0
DC: 3.364, 3.366, 7800.0
DC: 3.366, 3.368, 0.0
DC: 3.368, 3.37, 13200.0
DC: 3.37, 3.372, 7800.0
DC: 3.372, 3.374, 0.0
DC: 3.374, 3.376, 0.0
DC: 3.376, 3.378, 7800.0
DC: 3.378, 3.38, 13800.0
DC: 3.38, 3.382, 13200.0
DC: 3.382, 3.384, 7800.0
DC: 3.384, 3.386, 8400.0
DC: 3.386, 3.388, 0.0
DC: 3.388, 3.39, 8400.0
DC: 3.39, 3.392, 10200.0
DC: 3.392, 3.394, 0.0
DC: 3.394, 3.396, 13800.0
DC: 3.396, 3.398, 0.0
DC: 3.398, 3.4, 0.0
DC: 3.4, 3.402, 7800.0
DC: 3.402, 3.404, 13800.0
DC: 3.404, 3.406, 8400.0
DC: 3.406, 3.408, 0.0
DC: 3.408, 3.41, 0.0
DC: 3.41, 3.412, 13800.0
DC: 3.412, 3.414, 0.0
DC: 3.414, 3.416, 12400.0
DC: 3.416, 3.418, 7800.0
DC: 3.418, 3.42, 12400.0
DC: 3.42, 3.422, 13200.0
DC: 3.422, 3.424, 7800.0
DC: 3.424, 3.426, 7800.0
DC: 3.426, 3.428, 13200.0
DC: 3.428, 3.43, 0.0
DC: 3.43, 3.432, 0.0
DC: 3.432, 3.434, 8400.0
DC: 3.434, 3.436, 13200.0
DC: 3.436, 3.438, 8400.0
DC: 3.438, 3.44, 10200.0
DC: 3.44, 3.442, 7800.0
DC: 3.442, 3.444, 7800.0
DC: 3.444, 3.446, 10200.0
DC: 3.446, 3.448, 8400.0
DC: 3.448, 3.45, 13200.0
DC: 3.45, 3.452, 7800.0
DC: 3.452, 3.454, 8400.0
DC: 3.454, 3.456, 7800.0
DC: 3.456, 3.458, 0.0
DC: 3.458, 3.46, 12400.0
DC: 3.46, 3.462, 8400.0
DC: 3.462, 3.464, 10200.0
DC: 3.464, 3.466, 10200.0
DC: 3.466, 3.468, 0.0
DC: 3.468, 3.47, 0.0
DC: 3.47, 3.472, 0.0
DC: 3.472, 3.474, 0.0
DC: 3.474, 3.476, 10200.0
DC: 3.476, 3.478, 7800.0
DC: 3.478, 3.48, 7800.0
DC: 3.48, 3.482, 7800.0
DC: 3.482, 3.484, 13800.0
DC: 3.484, 3.486, 0.0
DC: 3.486, 3.488, 13800.0
DC: 3.488, 3.49, 13200.0
DC: 3.49, 3.492, 7800.0
DC: 3.492, 3.494, 8400.0
DC: 3.494, 3.496, 13200.0
DC: 3.496, 3.498, 7800.0
DC: 3.498, 3.5, 0.0
DC: 3.5, 3.502, 0.0
DC: 3.502, 3.504, 12400.0
DC: 3.504, 3.506, 13200.0
DC: 3.506, 3.508, 7800.0
DC: 3.508, 3.51, 10200.0
DC: 3.51, 3.512, 0.0
DC: 3.512, 3.514, 8400.0
DC: 3.514, 3.516, 0.0
DC: 3.516, 3.518, 7800.0
DC: 3.518, 3.52, 7800.0
DC: 3.52, 3.522, 0.0
DC: 3.522, 3.524, 10200.0
DC: 3.524, 3.526, 13200.0
DC: 3.526, 3.528, 7800.0
DC: 3.528, 3.53, 0.0
DC: 3.53, 3.532, 13200.0
DC: 3.532, 3.534, 8400.0
DC: 3.534, 3.536, 10200.0
DC: 3.536, 3.538, 0.0
DC: 3.538, 3.54, 0.0
DC: 3.54, 3.542, 0.0
DC: 3.542, 3.544, 8400.0
DC: 3.544, 3.546, 8400.0
DC: 3.546, 3.548, 13200.0
DC: 3.548, 3.55, 7800.0
DC: 3.55, 3.552, 7800.0
DC: 3.552, 3.554, 8400.0
DC: 3.554, 3.556, 0.0
DC: 3.556, 3.558, 7800.0
DC: 3.558, 3.56, 13800.0
DC: 3.56, 3.562, 13200.0
DC: 3.562, 3.564, 8400.0
DC: 3.564, 3.566, 13200.0
DC: 3.566, 3.568, 7800.0
DC: 3.568, 3.57, 0.0
DC: 3.57, 3.572, 12400.0
DC: 3.572, 3.574, 10200.0
DC: 3.574, 3.576, 8400.0
DC: 3.576, 3.578, 8400.0
DC: 3.578, 3.58, 7800.0
DC: 3.58, 3.582, 7800.0
DC: 3.582, 3.584, 12400.0
DC: 3.584, 3.586, 8400.0
DC: 3.586, 3.588, 0.0
DC: 3.588, 3.59, 7800.0
DC: 3.59, 3.592, 7800.0
DC: 3.592, 3.594, 8400.0
DC: 3.594, 3.596, 13200.0
DC: 3.596, 3.598, 7800.0
DC: 3.598, 3.6, 7800.0
DC: 3.6, 3.602, 7800.0
DC: 3.602, 3.604, 13800.0
DC: 3.604, 3.606, 0.0
DC: 3.606, 3.608, 13800.0
DC: 3.608, 3.61, 13200.0
DC: 3.61, 3.612, 7800.0
DC: 3.612, 3.614, 0.0
DC: 3.614, 3.616, 0.0
DC: 3.616, 3.618, 13200.0
DC: 3.618, 3.62, 7800.0
DC: 3.62, 3.622, 0.0
DC: 3.622, 3.624, 10200.0
DC: 3.624, 3.626, 7800.0
DC: 3.626, 3.628, 7800.0
DC: 3.628, 3.63, 0.0
DC: 3.63, 3.632, 12400.0
DC: 3.632, 3.634, 7800.0
DC: 3.634, 3.636, 12400.0
DC: 3.636, 3.638, 0.0
DC: 3.638, 3.64, 12400.0
DC: 3.64, 3.642, 0.0
DC: 3.642, 3.644, 8400.0
DC: 3.644, 3.646, 8400.0
DC: 3.646, 3.648, 13200.0
DC: 3.648, 3.65, 8400.0
DC: 3.65, 3.652, 10200.0
DC: 3.652, 3.654, 7800.0
DC: 3.654, 3.656, 7800.0
DC: 3.656, 3.658, 0.0
DC: 3.658, 3.66, 8400.0
DC: 3.66, 3.662, 13200.0
DC: 3.662, 3.664, 7800.0
DC: 3.664, 3.666, 0.0
DC: 3.666, 3.668, 12400.0
DC: 3.668, 3.67, 7800.0
DC: 3.67, 3.672, 12400.0
DC: 3.672, 3.674, 0.0
DC: 3.674, 3.676, 0.0
DC: 3.676, 3.678, 8400.0
DC: 3.678, 3.68, 12400.0
DC: 3.68, 3.682, 8400.0
DC: 3.682, 3.684, 13200.0
DC: 3.684, 3.686, 8400.0
DC: 3.686, 3.688, 0.0
DC: 3.688, 3.69, 7800.0
DC: 3.69, 3.692, 13200.0
DC: 3.692, 3.694, 0.0
DC: 3.694, 3.696, 12400.0
DC: 3.696, 3.698, 8400.0
DC: 3.698, 3.7, 10200.0
DC: 3.7, 3.702, 13200.0
DC: 3.702, 3.704, 7800.0
DC: 3.704, 3.706, 0.0
DC: 3.706, 3.708, 0.0
DC: 3.708, 3.71, 0.0
DC: 3.71, 3.712, 8400.0
DC: 3.712, 3.714, 8400.0
DC: 3.714, 3.716, 13200.0
DC: 3.716, 3.718, 8400.0
DC: 3.718, 3.72, 13800.0
DC: 3.72, 3.722, 0.0
DC: 3.722, 3.724, 0.0
DC: 3.724, 3.726, 8400.0
DC: 3.726, 3.728, 13200.0
DC: 3.728, 3.73, 8400.0
DC: 3.73, 3.732, 0.0
DC: 3.732, 3.734, 8400.0
DC: 3.734, 3.736, 10200.0
DC: 3.736, 3.738, 13200.0
DC: 3.738, 3.74, 10200.0
DC: 3.74, 3.742, 13200.0
DC: 3.742, 3.744, 7800.0
DC: 3.744, 3.746, 8400.0
DC: 3.746, 3.748, 13200.0
DC: 3.748, 3.75, 7800.0
DC: 3.75, 3.752, 0.0
DC: 3.752, 3.754, 0.0
DC: 3.754, 3.756, 12400.0
DC: 3.756, 3.758, 13200.0
DC: 3.758, 3.76, 7800.0
DC: 3.76, 3.762, 8400.0
DC: 3.762, 3.764, 12400.0
DC: 3.764, 3.766, 10200.0
DC: 3.766, 3.768, 10200.0
DC: 3.768, 3.77, 8400.0
DC: 3.77, 3.772, 12400.0
DC: 3.772, 3.774, 8400.0
DC: 3.774, 3.776, 13200.0
DC: 3.776, 3.778, 0.0
DC: 3.778, 3.78, 12400.0
DC: 3.78, 3.782, 7800.0
DC: 3.782, 3.784, 13200.0
DC: 3.784, 3.786, 13800.0
DC: 3.786, 3.788, 7800.0
DC: 3.788, 3.79, 8400.0
DC: 3.79, 3.792, 12400.0
DC: 3.792, 3.794, 13200.0
DC: 3.794, 3.796, 7800.0
DC: 3.796, 3.798, 7800.0
DC: 3.798, 3.8, 13200.0
DC: 3.8, 3.802, 0.0
DC: 3.802, 3.804, 12400.0
DC: 3.804, 3.806, 0.0
DC: 3.806, 3.808, 8400.0
DC: 3.808, 3.81, 7800.0
DC: 3.81, 3.812, 0.0
DC: 3.812, 3.814, 0.0
DC: 3.814, 3.816, 0.0
DC: 3.816, 3.818, 7800.0
DC: 3.818, 3.82, 13800.0
DC: 3.82, 3.822, 7800.0
DC: 3.822, 3.824, 7800.0
DC: 3.824, 3.826, 0.0
DC: 3.826, 3.828, 8400.0
DC: 3.828, 3.83, 0.0
DC: 3.83, 3.832, 0.0
DC: 3.832, 3.834, 7800.0
DC: 3.834, 3.836, 12400.0
DC: 3.836, 3.838, 13200.0
DC: 3.838, 3.84, 7800.0
DC: 3.84, 3.842, 8400.0
DC: 3.842, 3.844, 10200.0
DC: 3.844, 3.846, 0.0
DC: 3.846, 3.848, 12400.0
DC: 3.848, 3.85, 8400.0
DC: 3.85, 3.852, 12400.0
DC: 3.852, 3.854, 8400.0
DC: 3.854, 3.856, 7800.0
DC: 3.856, 3.858, 8400.0
DC: 3.858, 3.86, 0.0
DC: 3.86, 3.862, 7800.0
DC: 3.862, 3.864, 13800.0
DC: 3.864, 3.866, 8400.0
DC: 3.866, 3.868, 12400.0
DC: 3.868, 3.87, 0.0
DC: 3.87, 3.872, 12400.0
DC: 3.872, 3.874, 13200.0
DC: 3.874, 3.876, 7800.0
DC: 3.876, 3.878, 8400.0
DC: 3.878, 3.88, 7800.0
DC: 3.88, 3.882, 0.0
DC: 3.882, 3.884, 12400.0
DC: 3.884, 3.886, 8400.0
DC: 3.886, 3.888, 10200.0
DC: 3.888, 3.89, 7800.0
DC: 3.89, 3.892, 13200.0
DC: 3.892, 3.894, 7800.0
DC: 3.894, 3.896, 7800.0
DC: 3.896, 3.898, 8400.0
DC: 3.898, 3.9, 13200.0
DC: 3.9, 3.902, 8400.0
DC: 3.902, 3.904, 12400.0
DC: 3.904, 3.906, 13200.0
DC: 3.906, 3.908, 7800.0
DC: 3.908, 3.91, 8400.0
DC: 3.91, 3.912, 13200.0
DC: 3.912, 3.914, 7800.0
DC: 3.914, 3.916, 0.0
DC: 3.916, 3.918, 0.0
DC: 3.918, 3.92, 12400.0
DC: 3.92, 3.922, 13200.0
DC: 3.922, 3.924, 7800.0
DC: 3.924, 3.926, 8400.0
DC: 3.926, 3.928, 12400.0
DC: 3.928, 3.93, 7800.0
DC: 3.93, 3.932, 7800.0
DC: 3.932, 3.934, 7800.0
DC: 3.934, 3.936, 13200.0
DC: 3.936, 3.938, 8400.0
DC: 3.938, 3.94, 13800.0
DC: 3.94, 3.942, 7800.0
DC: 3.942, 3.944, 12400.0
DC: 3.944, 3.946, 8400.0
DC: 3.946, 3.948, 13200.0
DC: 3.948, 3.95, 0.0
DC: 3.95, 3.952, 0.0
DC: 3.952, 3.954, 7800.0
DC: 3.954, 3.956, 13800.0
DC: 3.956, 3.958, 0.0
DC: 3.958, 3.96, 12400.0
DC: 3.96, 3.962, 8400.0
DC: 3.962, 3.964, 0.0
DC: 3.964, 3.966, 8400.0
DC: 3.966, 3.968, 13800.0
DC: 3.968, 3.97, 8400.0
DC: 3.97, 3.972, 12400.0
DC: 3.972, 3.974, 13200.0
DC: 3.974, 3.976, 10200.0
DC: 3.976, 3.978, 13200.0
DC: 3.978, 3.98, 7800.0
DC: 3.98, 3.982, 10200.0
DC: 3.982, 3.984, 10200.0
DC: 3.984, 3.986, 0.0
DC: 3.986, 3.988, 12400.0
DC: 3.988, 3.99, 8400.0
DC: 3.99, 3.992, 13200.0
DC: 3.992, 3.994, 13200.0
DC: 3.994, 3.996, 7800.0
DC: 3.996, 3.998, 7800.0
DC: 3.998, 4.0, 7800.0
DC: 4.0, 4.002, 7800.0
DC: 4.002, 4.004, 13800.0
DC: 4.004, 4.006, 0.0
DC: 4.006, 4.008, 10200.0
DC: 4.008, 4.01, 0.0
DC: 4.01, 4.012, 12400.0
DC: 4.012, 4.014, 8400.0
DC: 4.014, 4.016, 7800.0
DC: 4.016, 4.018, 0.0
DC: 4.018, 4.02, 12400.0
DC: 4.02, 4.022, 7800.0
DC: 4.022, 4.024, 13800.0
DC: 4.024, 4.026, 0.0
DC: 4.026, 4.028, 10200.0
DC: 4.028, 4.03, 0.0
DC: 4.03, 4.032, 12400.0
DC: 4.032, 4.034, 7800.0
DC: 4.034, 4.036, 13800.0
DC: 4.036, 4.038, 8400.0
DC: 4.038, 4.04, 13200.0
DC: 4.04, 4.042, 13200.0
DC: 4.042, 4.044, 10200.0
DC: 4.044, 4.046, 13200.0
DC: 4.046, 4.048, 7800.0
DC: 4.048, 4.05, 0.0
DC: 4.05, 4.052, 12400.0
DC: 4.052, 4.054, 10200.0
DC: 4.054, 4.056, 8400.0
DC: 4.056, 4.058, 8400.0
DC: 4.058, 4.06, 7800.0
DC: 4.06, 4.062, 7800.0
DC: 4.062, 4.064, 12400.0
DC: 4.064, 4.066, 8400.0
DC: 4.066, 4.068, 0.0
DC: 4.068, 4.07, 8400.0
DC: 4.07, 4.072, 10200.0
DC: 4.072, 4.074, 0.0
DC: 4.074, 4.076, 0.0
DC: 4.076, 4.078, 8400.0
DC: 4.078, 4.08, 13200.0
DC: 4.08, 4.082, 7800.0
DC: 4.082, 4.084, 7800.0
DC: 4.084, 4.086, 8400.0
DC: 4.086, 4.088, 0.0
DC: 4.088, 4.09, 7800.0
DC: 4.09, 4.092, 13800.0
DC: 4.092, 4.094, 13200.0
DC: 4.094, 4.096, 7800.0
DC: 4.096, 4.098, 8400.0
DC: 4.098, 4.1, 0.0
DC: 4.1, 4.102, 0.0
DC: 4.102, 4.104, 13200.0
DC: 4.104, 4.106, 13200.0
DC: 4.106, 4.108, 7800.0
DC: 4.108, 4.11, 10200.0
DC: 4.11, 4.112, 0.0
DC: 4.112, 4.114, 7800.0
DC: 4.114, 4.116, 7800.0
DC: 4.116, 4.118, 8400.0
DC: 4.118, 4.12, 12400.0
DC: 4.12, 4.122, 7800.0
DC: 4.122, 4.124, 7800.0
DC: 4.124, 4.126, 0.0
DC: 4.126, 4.128, 7800.0
DC: 4.128, 4.13, 7800.0
DC: 4.13, 4.132, 12400.0
DC: 4.132, 4.134, 0.0
DC: 4.134, 4.136, 12400.0
DC: 4.136, 4.138, 13200.0
DC: 4.138, 4.14, 7800.0
DC: 4.14, 4.142, 7800.0
DC: 4.142, 4.144, 12400.0
DC: 4.144, 4.146, 7800.0
DC: 4.146, 4.148, 7800.0
DC: 4.148, 4.15, 0.0
DC: 4.15, 4.152, 13800.0
DC: 4.152, 4.154, 7800.0
DC: 4.154, 4.156, 0.0
DC: 4.156, 4.158, 8400.0
DC: 4.158, 4.16, 13200.0
DC: 4.16, 4.162, 13200.0
DC: 4.162, 4.164, 7800.0
DC: 4.164, 4.166, 8400.0
DC: 4.166, 4.168, 10200.0
DC: 4.168, 4.17, 0.0
DC: 4.17, 4.172, 12400.0
DC: 4.172, 4.174, 0.0
DC: 4.174, 4.176, 13200.0
DC: 4.176, 4.178, 7800.0
DC: 4.178, 4.18, 12400.0
DC: 4.18, 4.182, 0.0
DC: 4.182, 4.184, 12400.0
DC: 4.184, 4.186, 0.0
DC: 4.186, 4.188, 8400.0
DC: 4.188, 4.19, 8400.0
DC: 4.19, 4.192, 13200.0
DC: 4.192, 4.194, 7800.0
DC: 4.194, 4.196, 7800.0
DC: 4.196, 4.198, 8400.0
DC: 4.198, 4.2, 0.0
DC: 4.2, 4.202, 7800.0
DC: 4.202, 4.204, 13800.0
DC: 4.204, 4.206, 13200.0
DC: 4.206, 4.208, 7800.0
DC: 4.208, 4.21, 0.0
DC: 4.21, 4.212, 0.0
DC: 4.212, 4.214, 7800.0
DC: 4.214, 4.216, 12400.0
DC: 4.216, 4.218, 8400.0
DC: 4.218, 4.22, 0.0
DC: 4.22, 4.222, 7800.0
DC: 4.222, 4.224, 13800.0
DC: 4.224, 4.226, 0.0
DC: 4.226, 4.228, 13800.0
DC: 4.228, 4.23, 8400.0
DC: 4.23, 4.232, 12400.0
DC: 4.232, 4.234, 7800.0
DC: 4.234, 4.236, 7800.0
DC: 4.236, 4.238, 0.0
DC: 4.238, 4.24, 10200.0
DC: 4.24, 4.242, 0.0
DC: 4.242, 4.244, 12400.0
DC: 4.244, 4.246, 13200.0
DC: 4.246, 4.248, 7800.0
DC: 4.248, 4.25, 0.0
DC: 4.25, 4.252, 0.0
DC: 4.252, 4.254, 8400.0
DC: 4.254, 4.256, 13800.0
DC: 4.256, 4.258, 0.0
DC: 4.258, 4.26, 10200.0
DC: 4.26, 4.262, 7800.0
DC: 4.262, 4.264, 7800.0
DC: 4.264, 4.266, 0.0
DC: 4.266, 4.268, 7800.0
DC: 4.268, 4.27, 7800.0
DC: 4.27, 4.272, 12400.0
DC: 4.272, 4.274, 0.0
DC: 4.274, 4.276, 12400.0
DC: 4.276, 4.278, 13200.0
DC: 4.278, 4.28, 7800.0
DC: 4.28, 4.282, 8400.0
DC: 4.282, 4.284, 12400.0
DC: 4.284, 4.286, 8400.0
DC: 4.286, 4.288, 0.0
DC: 4.288, 4.29, 8400.0
DC: 4.29, 4.292, 13800.0
DC: 4.292, 4.294, 7800.0
DC: 4.294, 4.296, 13800.0
DC: 4.296, 4.298, 0.0
DC: 4.298, 4.3, 10200.0
DC: 4.3, 4.302, 13800.0
DC: 4.302, 4.304, 0.0
DC: 4.304, 4.306, 10200.0
DC: 4.306, 4.308, 7800.0
DC: 4.308, 4.31, 0.0
DC: 4.31, 4.312, 0.0
DC: 4.312, 4.314, 10200.0
DC: 4.314, 4.316, 0.0
DC: 4.316, 4.318, 0.0
DC: 4.318, 4.32, 12400.0
DC: 4.32, 4.322, 13200.0
DC: 4.322, 4.324, 7800.0
DC: 4.324, 4.326, 0.0
DC: 4.326, 4.328, 13800.0
DC: 4.328, 4.33, 0.0
DC: 4.33, 4.332, 12400.0
DC: 4.332, 4.334, 7800.0
DC: 4.334, 4.336, 13800.0
DC: 4.336, 4.338, 0.0
DC: 4.338, 4.34, 12400.0
DC: 4.34, 4.342, 8400.0
DC: 4.342, 4.344, 10200.0
DC: 4.344, 4.346, 0.0
DC: 4.346, 4.348, 0.0
DC: 4.348, 4.35, 8400.0
DC: 4.35, 4.352, 13200.0
DC: 4.352, 4.354, 7800.0
DC: 4.354, 4.356, 7800.0
DC: 4.356, 4.358, 8400.0
DC: 4.358, 4.36, 0.0
DC: 4.36, 4.362, 7800.0
DC: 4.362, 4.364, 13800.0
DC: 4.364, 4.366, 13200.0
DC: 4.366, 4.368, 8400.0
DC: 4.368, 4.37, 13200.0
DC: 4.37, 4.372, 7800.0
DC: 4.372, 4.374, 7800.0
DC: 4.374, 4.376, 12400.0
DC: 4.376, 4.378, 0.0
DC: 4.378, 4.38, 0.0
DC: 4.38, 4.382, 8400.0
DC: 4.382, 4.384, 10200.0
DC: 4.384, 4.386, 0.0
DC: 4.386, 4.388, 13800.0
DC: 4.388, 4.39, 0.0
DC: 4.39, 4.392, 12400.0
DC: 4.392, 4.394, 13200.0
DC: 4.394, 4.396, 7800.0
DC: 4.396, 4.398, 0.0
DC: 4.398, 4.4, 0.0
DC: 4.4, 4.402, 8400.0
DC: 4.402, 4.404, 10200.0
DC: 4.404, 4.406, 0.0
DC: 4.406, 4.408, 12400.0
DC: 4.408, 4.41, 0.0
DC: 4.41, 4.412, 0.0
DC: 4.412, 4.414, 7800.0
DC: 4.414, 4.416, 12400.0
DC: 4.416, 4.418, 13200.0
DC: 4.418, 4.42, 7800.0
DC: 4.42, 4.422, 8400.0
DC: 4.422, 4.424, 12400.0
DC: 4.424, 4.426, 8400.0
DC: 4.426, 4.428, 13200.0
DC: 4.428, 4.43, 8400.0
DC: 4.43, 4.432, 10200.0
DC: 4.432, 4.434, 0.0
DC: 4.434, 4.436, 0.0
DC: 4.436, 4.438, 7800.0
DC: 4.438, 4.44, 7800.0
DC: 4.44, 4.442, 7800.0
DC: 4.442, 4.444, 13800.0
DC: 4.444, 4.446, 8400.0
DC: 4.446, 4.448, 12400.0
DC: 4.448, 4.45, 13200.0
DC: 4.45, 4.452, 7800.0
DC: 4.452, 4.454, 0.0
DC: 4.454, 4.456, 0.0
DC: 4.456, 4.458, 8400.0
DC: 4.458, 4.46, 13200.0
DC: 4.46, 4.462, 13200.0
DC: 4.462, 4.464, 7800.0
DC: 4.464, 4.466, 7800.0
DC: 4.466, 4.468, 12400.0
DC: 4.468, 4.47, 8400.0
DC: 4.47, 4.472, 0.0
DC: 4.472, 4.474, 10200.0
DC: 4.474, 4.476, 7800.0
DC: 4.476, 4.478, 13200.0
DC: 4.478, 4.48, 7800.0
DC: 4.48, 4.482, 0.0
DC: 4.482, 4.484, 13200.0
DC: 4.484, 4.486, 8400.0
DC: 4.486, 4.488, 10200.0
DC: 4.488, 4.49, 0.0
DC: 4.49, 4.492, 12400.0
DC: 4.492, 4.494, 8400.0
DC: 4.494, 4.496, 8400.0
DC: 4.496, 4.498, 8400.0
DC: 4.498, 4.5, 13800.0
DC: 4.5, 4.502, 0.0
DC: 4.502, 4.504, 12400.0
DC: 4.504, 4.506, 7800.0
DC: 4.506, 4.508, 13800.0
DC: 4.508, 4.51, 0.0
DC: 4.51, 4.512, 8400.0
DC: 4.512, 4.514, 7800.0
DC: 4.514, 4.516, 7800.0
DC: 4.516, 4.518, 0.0
DC: 4.518, 4.52, 12400.0
DC: 4.52, 4.522, 8400.0
DC: 4.522, 4.524, 12400.0
DC: 4.524, 4.526, 13200.0
DC: 4.526, 4.528, 7800.0
DC: 4.528, 4.53, 8400.0
DC: 4.53, 4.532, 0.0
DC: 4.532, 4.534, 0.0
DC: 4.534, 4.536, 13200.0
DC: 4.536, 4.538, 13200.0
DC: 4.538, 4.54, 7800.0
DC: 4.54, 4.542, 0.0
DC: 4.542, 4.544, 0.0
DC: 4.544, 4.546, 0.0
DC: 4.546, 4.548, 8400.0
DC: 4.548, 4.55, 8400.0
DC: 4.55, 4.552, 13200.0
DC: 4.552, 4.554, 8400.0
DC: 4.554, 4.556, 13800.0
DC: 4.556, 4.558, 0.0
DC: 4.558, 4.56, 0.0
DC: 4.56, 4.562, 8400.0
DC: 4.562, 4.564, 13200.0
DC: 4.564, 4.566, 7800.0
DC: 4.566, 4.568, 7800.0
DC: 4.568, 4.57, 8400.0
DC: 4.57, 4.572, 0.0
DC: 4.572, 4.574, 7800.0
DC: 4.574, 4.576, 13800.0
DC: 4.576, 4.578, 13200.0
DC: 4.578, 4.58, 7800.0
DC: 4.58, 4.582, 8400.0
DC: 4.582, 4.584, 13200.0
DC: 4.584, 4.586, 8400.0
DC: 4.586, 4.588, 13800.0
DC: 4.588, 4.59, 7800.0
DC: 4.59, 4.592, 13800.0
DC: 4.592, 4.594, 0.0
DC: 4.594, 4.596, 12400.0
DC: 4.596, 4.598, 13200.0
DC: 4.598, 4.6, 7800.0
DC: 4.6, 4.602, 8400.0
DC: 4.602, 4.604, 13200.0
DC: 4.604, 4.606, 7800.0
DC: 4.606, 4.608, 0.0
DC: 4.608, 4.61, 0.0
DC: 4.61, 4.612, 12400.0
DC: 4.612, 4.614, 13200.0
DC: 4.614, 4.616, 7800.0
DC: 4.616, 4.618, 8400.0
DC: 4.618, 4.62, 7800.0
DC: 4.62, 4.622, 7800.0
DC: 4.622, 4.624, 0.0
DC: 4.624, 4.626, 8400.0
DC: 4.626, 4.628, 0.0
DC: 4.628, 4.63, 8400.0
DC: 4.63, 4.632, 13200.0
DC: 4.632, 4.634, 8400.0
DC: 4.634, 4.636, 0.0
DC: 4.636, 4.638, 7800.0
DC: 4.638, 4.64, 13800.0
DC: 4.64, 4.642, 7800.0
DC: 4.642, 4.644, 7800.0
DC: 4.644, 4.646, 0.0
DC: 4.646, 4.648, 8400.0
DC: 4.648, 4.65, 13200.0
DC: 4.65, 4.652, 7800.0
DC: 4.652, 4.654, 8400.0
DC: 4.654, 4.656, 12400.0
DC: 4.656, 4.658, 8400.0
DC: 4.658, 4.66, 13200.0
DC: 4.66, 4.662, 8400.0
DC: 4.662, 4.664, 0.0
DC: 4.664, 4.666, 8400.0
DC: 4.666, 4.668, 7800.0
DC: 4.668, 4.67, 13800.0
DC: 4.67, 4.672, 0.0
DC: 4.672, 4.674, 0.0
DC: 4.674, 4.676, 7800.0
DC: 4.676, 4.678, 0.0
DC: 4.678, 4.68, 0.0
DC: 4.68, 4.682, 7800.0
DC: 4.682, 4.684, 13800.0
DC: 4.684, 4.686, 0.0
DC: 4.686, 4.688, 10200.0
DC: 4.688, 4.69, 13200.0
DC: 4.69, 4.692, 10200.0
DC: 4.692, 4.694, 13200.0
DC: 4.694, 4.696, 7800.0
DC: 4.696, 4.698, 10200.0
DC: 4.698, 4.7, 7800.0
DC: 4.7, 4.702, 7800.0
DC: 4.702, 4.704, 0.0
DC: 4.704, 4.706, 0.0
DC: 4.706, 4.708, 12400.0
DC: 4.708, 4.71, 8400.0
DC: 4.71, 4.712, 10200.0
DC: 4.712, 4.714, 0.0
DC: 4.714, 4.716, 12400.0
DC: 4.716, 4.718, 0.0
DC: 4.718, 4.72, 0.0
DC: 4.72, 4.722, 8400.0
DC: 4.722, 4.724, 12400.0
DC: 4.724, 4.726, 13200.0
DC: 4.726, 4.728, 7800.0
DC: 4.728, 4.73, 8400.0
DC: 4.73, 4.732, 13200.0
DC: 4.732, 4.734, 7800.0
DC: 4.734, 4.736, 0.0
DC: 4.736, 4.738, 0.0
DC: 4.738, 4.74, 12400.0
DC: 4.74, 4.742, 13200.0
DC: 4.742, 4.744, 7800.0
DC: 4.744, 4.746, 7800.0
DC: 4.746, 4.748, 12400.0
DC: 4.748, 4.75, 0.0
DC: 4.75, 4.752, 0.0
DC: 4.752, 4.754, 10200.0
DC: 4.754, 4.756, 10200.0
DC: 4.756, 4.758, 0.0
DC: 4.758, 4.76, 12400.0
DC: 4.76, 4.762, 8400.0
DC: 4.762, 4.764, 10200.0
DC: 4.764, 4.766, 13200.0
DC: 4.766, 4.768, 7800.0
DC: 4.768, 4.77, 8400.0
DC: 4.77, 4.772, 10200.0
DC: 4.772, 4.774, 0.0
DC: 4.774, 4.776, 12400.0
DC: 4.776, 4.778, 7800.0
DC: 4.778, 4.78, 13200.0
DC: 4.78, 4.782, 0.0
DC: 4.782, 4.784, 0.0
DC: 4.784, 4.786, 7800.0
DC: 4.786, 4.788, 7800.0
DC: 4.788, 4.79, 7800.0
DC: 4.79, 4.792, 13800.0
DC: 4.792, 4.794, 8400.0
DC: 4.794, 4.796, 12400.0
DC: 4.796, 4.798, 13200.0
DC: 4.798, 4.8, 7800.0
DC: 4.8, 4.802, 7800.0
DC: 4.802, 4.804, 7800.0
DC: 4.804, 4.806, 7800.0
DC: 4.806, 4.808, 13800.0
DC: 4.808, 4.81, 0.0
DC: 4.81, 4.812, 8400.0
DC: 4.812, 4.814, 8400.0
DC: 4.814, 4.816, 0.0
DC: 4.816, 4.818, 7800.0
DC: 4.818, 4.82, 13200.0
DC: 4.82, 4.822, 8400.0
DC: 4.822, 4.824, 7800.0
DC: 4.824, 4.826, 8400.0
DC: 4.826, 4.828, 10200.0
DC: 4.828, 4.83, 0.0
DC: 4.83, 4.832, 12400.0
DC: 4.832, 4.834, 8400.0
DC: 4.834, 4.836, 12400.0
DC: 4.836, 4.838, 8400.0
DC: 4.838, 4.84, 12400.0
DC: 4.84, 4.842, 7800.0
DC: 4.842, 4.844, 7800.0
DC: 4.844, 4.846, 0.0
DC: 4.846, 4.848, 7800.0
DC: 4.848, 4.85, 7800.0
DC: 4.85, 4.852, 12400.0
DC: 4.852, 4.854, 0.0
DC: 4.854, 4.856, 12400.0
DC: 4.856, 4.858, 13200.0
DC: 4.858, 4.86, 7800.0
DC: 4.86, 4.862, 0.0
DC: 4.862, 4.864, 0.0
DC: 4.864, 4.866, 7800.0
DC: 4.866, 4.868, 13800.0
DC: 4.868, 4.87, 0.0
DC: 4.87, 4.872, 10200.0
DC: 4.872, 4.874, 13200.0
DC: 4.874, 4.876, 7800.0
DC: 4.876, 4.878, 0.0
DC: 4.878, 4.88, 12400.0
DC: 4.88, 4.882, 10200.0
DC: 4.882, 4.884, 8400.0
DC: 4.884, 4.886, 7800.0
DC: 4.886, 4.888, 0.0
DC: 4.888, 4.89, 7800.0
DC: 4.89, 4.892, 7800.0
DC: 4.892, 4.894, 0.0
DC: 4.894, 4.896, 7800.0
DC: 4.896, 4.898, 7800.0
DC: 4.898, 4.9, 7800.0
DC: 4.9, 4.902, 8400.0
DC: 4.902, 4.904, 13200.0
DC: 4.904, 4.906, 8400.0
DC: 4.906, 4.908, 12400.0
DC: 4.908, 4.91, 13200.0
DC: 4.91, 4.912, 7800.0
DC: 4.912, 4.914, 7800.0
DC: 4.914, 4.916, 13800.0
DC: 4.916, 4.918, 0.0
DC: 4.918, 4.92, 12400.0
DC: 4.92, 4.922, 0.0
DC: 4.922, 4.924, 13800.0
DC: 4.924, 4.926, 7800.0
DC: 4.926, 4.928, 12400.0
DC: 4.928, 4.93, 7800.0
DC: 4.93, 4.932, 7800.0
DC: 4.932, 4.934, 0.0
DC: 4.934, 4.936, 13800.0
DC: 4.936, 4.938, 7800.0
DC: 4.938, 4.94, 7800.0
DC: 4.94, 4.942, 0.0
DC: 4.942, 4.944, 7800.0
DC: 4.944, 4.946, 7800.0
DC: 4.946, 4.948, 12400.0
DC: 4.948, 4.95, 0.0
DC: 4.95, 4.952, 12400.0
DC: 4.952, 4.954, 13200.0
DC: 4.954, 4.956, 7800.0
DC: 4.956, 4.958, 8400.0
DC: 4.958, 4.96, 12400.0
DC: 4.96, 4.962, 8400.0
DC: 4.962, 4.964, 13200.0
DC: 4.964, 4.966, 8400.0
DC: 4.966, 4.968, 10200.0
DC: 4.968, 4.97, 0.0
DC: 4.97, 4.972, 0.0
DC: 4.972, 4.974, 7800.0
DC: 4.974, 4.976, 7800.0
DC: 4.976, 4.978, 7800.0
DC: 4.978, 4.98, 13800.0
DC: 4.98, 4.982, 13200.0
DC: 4.982, 4.984, 7800.0
DC: 4.984, 4.986, 10200.0
DC: 4.986, 4.988, 7800.0
DC: 4.988, 4.99, 7800.0
DC: 4.99, 4.992, 0.0
DC: 4.992, 4.994, 0.0
DC: 4.994, 4.996, 12400.0
DC: 4.996, 4.998, 7800.0
DC: 4.998, 5.0, 13800.0
DC: 5.0, 5.002, 13200.0
DC: 5.002, 5.004, 7800.0
DC: 5.004, 5.006, 0.0
DC: 5.006, 5.008, 0.0
DC: 5.008, 5.01, 0.0
DC: 5.01, 5.012, 8400.0
DC: 5.012, 5.014, 8400.0
DC: 5.014, 5.016, 13200.0
DC: 5.016, 5.018, 8400.0
DC: 5.018, 5.02, 13800.0
DC: 5.02, 5.022, 0.0
DC: 5.022, 5.024, 0.0
DC: 5.024, 5.026, 8400.0
DC: 5.026, 5.028, 13200.0
DC: 5.028, 5.03, 0.0
DC: 5.03, 5.032, 12400.0
DC: 5.032, 5.034, 0.0
DC: 5.034, 5.036, 10200.0
DC: 5.036, 5.038, 13200.0
DC: 5.038, 5.04, 7800.0
DC: 5.04, 5.042, 0.0
DC: 5.042, 5.044, 0.0
DC: 5.044, 5.046, 8400.0
DC: 5.046, 5.048, 13200.0
DC: 5.048, 5.05, 13200.0
DC: 5.05, 5.052, 7800.0
DC: 5.052, 5.054, 7800.0
DC: 5.054, 5.056, 0.0
DC: 5.056, 5.058, 7800.0
DC: 5.058, 5.06, 7800.0
DC: 5.06, 5.062, 0.0
DC: 5.062, 5.064, 13800.0
DC: 5.064, 5.066, 7800.0
DC: 5.066, 5.068, 0.0
DC: 5.068, 5.07, 0.0
DC: 5.07, 5.072, 12400.0
DC: 5.072, 5.074, 8400.0
DC: 5.074, 5.076, 10200.0
DC: 5.076, 5.078, 13200.0
DC: 5.078, 5.08, 7800.0
DC: 5.08, 5.082, 0.0
DC: 5.082, 5.084, 13200.0
DC: 5.084, 5.086, 8400.0
DC: 5.086, 5.088, 10200.0
DC: 5.088, 5.09, 0.0
DC: 5.09, 5.092, 12400.0
DC: 5.092, 5.094, 8400.0
DC: 5.094, 5.096, 8400.0
DC: 5.096, 5.098, 8400.0
DC: 5.098, 5.1, 13800.0
DC: 5.1, 5.102, 0.0
DC: 5.102, 5.104, 12400.0
DC: 5.104, 5.106, 7800.0
DC: 5.106, 5.108, 13800.0
DC: 5.108, 5.11, 0.0
DC: 5.11, 5.112, 8400.0
DC: 5.112, 5.114, 7800.0
DC: 5.114, 5.116, 7800.0
DC: 5.116, 5.118, 0.0
DC: 5.118, 5.12, 12400.0
DC: 5.12, 5.122, 8400.0
DC: 5.122, 5.124, 12400.0
DC: 5.124, 5.126, 13200.0
DC: 5.126, 5.128, 7800.0
DC: 5.128, 5.13, 13800.0
DC: 5.13, 5.132, 13200.0
DC: 5.132, 5.134, 0.0
DC: 5.134, 5.136, 12400.0
DC: 5.136, 5.138, 13200.0
DC: 5.138, 5.14, 8400.0
DC: 5.14, 5.142, 0.0
DC: 5.142, 5.144, 13800.0
DC: 5.144, 5.146, 13200.0
DC: 5.146, 5.148, 8400.0
DC: 5.148, 5.15, 13200.0
DC: 5.15, 5.152, 10200.0
DC: 5.152, 5.154, 13200.0
DC: 5.154, 5.156, 7800.0
DC: 5.156, 5.158, 8400.0
DC: 5.158, 5.16, 13200.0
DC: 5.16, 5.162, 0.0
DC: 5.162, 5.164, 12400.0
DC: 5.164, 5.166, 7800.0
DC: 5.166, 5.168, 13800.0
DC: 5.168, 5.17, 8400.0
DC: 5.17, 5.172, 12400.0
DC: 5.172, 5.174, 13200.0
DC: 5.174, 5.176, 7800.0
DC: 5.176, 5.178, 8400.0
DC: 5.178, 5.18, 0.0
DC: 5.18, 5.182, 0.0
DC: 5.182, 5.184, 13200.0
DC: 5.184, 5.186, 13200.0
DC: 5.186, 5.188, 7800.0
DC: 5.188, 5.19, 7800.0
DC: 5.19, 5.192, 0.0
DC: 5.192, 5.194, 10200.0
DC: 5.194, 5.196, 12400.0
DC: 5.196, 5.198, 13800.0
DC: 5.198, 5.2, 13800.0
DC: 5.2, 5.202, 13200.0
DC: 5.202, 5.204, 10200.0
DC: 5.204, 5.206, 13200.0
DC: 5.206, 5.208, 7800.0
DC: 5.208, 5.21, 8400.0
DC: 5.21, 5.212, 13200.0
DC: 5.212, 5.214, 7800.0
DC: 5.214, 5.216, 0.0
DC: 5.216, 5.218, 0.0
DC: 5.218, 5.22, 12400.0
DC: 5.22, 5.222, 8400.0
DC: 5.222, 5.224, 10200.0
DC: 5.224, 5.226, 0.0
DC: 5.226, 5.228, 12400.0
DC: 5.228, 5.23, 0.0
DC: 5.23, 5.232, 7800.0
DC: 5.232, 5.234, 10200.0
DC: 5.234, 5.236, 10200.0
DC: 5.236, 5.238, 13200.0
DC: 5.238, 5.24, 7800.0
DC: 5.24, 5.242, 7800.0
DC: 5.242, 5.244, 13200.0
DC: 5.244, 5.246, 0.0
DC: 5.246, 5.248, 0.0
DC: 5.248, 5.25, 7800.0
DC: 5.25, 5.252, 10200.0
DC: 5.252, 5.254, 7800.0
DC: 5.254, 5.256, 7800.0
DC: 5.256, 5.258, 7800.0
DC: 5.258, 5.26, 13800.0
DC: 5.26, 5.262, 0.0
DC: 5.262, 5.264, 13800.0
DC: 5.264, 5.266, 13200.0
DC: 5.266, 5.268, 7800.0
DC: 5.268, 5.27, 7800.0
DC: 5.27, 5.272, 7800.0
DC: 5.272, 5.274, 8400.0
DC: 5.274, 5.276, 13200.0
DC: 5.276, 5.278, 13200.0
DC: 5.278, 5.28, 7800.0
DC: 5.28, 5.282, 0.0
DC: 5.282, 5.284, 0.0
DC: 5.284, 5.286, 7800.0
DC: 5.286, 5.288, 13200.0
DC: 5.288, 5.29, 0.0
DC: 5.29, 5.292, 12400.0
DC: 5.292, 5.294, 7800.0
DC: 5.294, 5.296, 13800.0
DC: 5.296, 5.298, 0.0
DC: 5.298, 5.3, 0.0
DC: 5.3, 5.302, 0.0
DC: 5.302, 5.304, 7800.0
DC: 5.304, 5.306, 7800.0
DC: 5.306, 5.308, 12400.0
DC: 5.308, 5.31, 0.0
DC: 5.31, 5.312, 12400.0
DC: 5.312, 5.314, 13200.0
DC: 5.314, 5.316, 7800.0
DC: 5.316, 5.318, 8400.0
DC: 5.318, 5.32, 13200.0
DC: 5.32, 5.322, 8400.0
DC: 5.322, 5.324, 0.0
DC: 5.324, 5.326, 13200.0
DC: 5.326, 5.328, 7800.0
DC: 5.328, 5.33, 7800.0
DC: 5.33, 5.332, 13200.0
DC: 5.332, 5.334, 8400.0
DC: 5.334, 5.336, 0.0
DC: 5.336, 5.338, 0.0
DC: 5.338, 5.34, 10200.0
DC: 5.34, 5.342, 8400.0
DC: 5.342, 5.344, 13800.0
DC: 5.344, 5.346, 7800.0
DC: 5.346, 5.348, 12400.0
DC: 5.348, 5.35, 0.0
DC: 5.35, 5.352, 0.0
DC: 5.352, 5.354, 8400.0
DC: 5.354, 5.356, 13200.0
DC: 5.356, 5.358, 0.0
DC: 5.358, 5.36, 12400.0
DC: 5.36, 5.362, 13200.0
DC: 5.362, 5.364, 7800.0
DC: 5.364, 5.366, 8400.0
DC: 5.366, 5.368, 12400.0
DC: 5.368, 5.37, 8400.0
DC: 5.37, 5.372, 0.0
DC: 5.372, 5.374, 8400.0
DC: 5.374, 5.376, 13800.0
DC: 5.376, 5.378, 7800.0
DC: 5.378, 5.38, 13800.0
DC: 5.38, 5.382, 0.0
DC: 5.382, 5.384, 10200.0
DC: 5.384, 5.386, 13200.0
DC: 5.386, 5.388, 7800.0
DC: 5.388, 5.39, 0.0
DC: 5.39, 5.392, 0.0
DC: 5.392, 5.394, 7800.0
DC: 5.394, 5.396, 13800.0
DC: 5.396, 5.398, 0.0
DC: 5.398, 5.4, 10200.0
DC: 5.4, 5.402, 13200.0
DC: 5.402, 5.404, 7800.0
DC: 5.404, 5.406, 0.0
DC: 5.406, 5.408, 8400.0
DC: 5.408, 5.41, 8400.0
DC: 5.41, 5.412, 0.0
DC: 5.412, 5.414, 7800.0
DC: 5.414, 5.416, 12400.0
DC: 5.416, 5.418, 8400.0
DC: 5.418, 5.42, 0.0
DC: 5.42, 5.422, 8400.0
DC: 5.422, 5.424, 10200.0
DC: 5.424, 5.426, 13200.0
DC: 5.426, 5.428, 7800.0
DC: 5.428, 5.43, 8400.0
DC: 5.43, 5.432, 12400.0
DC: 5.432, 5.434, 7800.0
DC: 5.434, 5.436, 7800.0
DC: 5.436, 5.438, 7800.0
DC: 5.438, 5.44, 13200.0
DC: 5.44, 5.442, 8400.0
DC: 5.442, 5.444, 13800.0
DC: 5.444, 5.446, 7800.0
DC: 5.446, 5.448, 12400.0
DC: 5.448, 5.45, 8400.0
DC: 5.45, 5.452, 13200.0
DC: 5.452, 5.454, 0.0
DC: 5.454, 5.456, 0.0
DC: 5.456, 5.458, 7800.0
DC: 5.458, 5.46, 13800.0
DC: 5.46, 5.462, 0.0
DC: 5.462, 5.464, 12400.0
DC: 5.464, 5.466, 8400.0
DC: 5.466, 5.468, 0.0
DC: 5.468, 5.47, 8400.0
DC: 5.47, 5.472, 13800.0
DC: 5.472, 5.474, 8400.0
DC: 5.474, 5.476, 12400.0
DC: 5.476, 5.478, 7800.0
DC: 5.478, 5.48, 12400.0
DC: 5.48, 5.482, 10200.0
DC: 5.482, 5.484, 10200.0
DC: 5.484, 5.486, 13200.0
DC: 5.486, 5.488, 7800.0
DC: 5.488, 5.49, 10200.0
DC: 5.49, 5.492, 10200.0
DC: 5.492, 5.494, 0.0
DC: 5.494, 5.496, 12400.0
DC: 5.496, 5.498, 8400.0
DC: 5.498, 5.5, 13200.0
DC: 5.5, 5.502, 13200.0
DC: 5.502, 5.504, 7800.0
DC: 5.504, 5.506, 7800.0
DC: 5.506, 5.508, 7800.0
DC: 5.508, 5.51, 7800.0
DC: 5.51, 5.512, 13800.0
DC: 5.512, 5.514, 0.0
DC: 5.514, 5.516, 10200.0
DC: 5.516, 5.518, 0.0
DC: 5.518, 5.52, 12400.0
DC: 5.52, 5.522, 8400.0
DC: 5.522, 5.524, 7800.0
DC: 5.524, 5.526, 0.0
DC: 5.526, 5.528, 12400.0
DC: 5.528, 5.53, 7800.0
DC: 5.53, 5.532, 13800.0
DC: 5.532, 5.534, 0.0
DC: 5.534, 5.536, 10200.0
DC: 5.536, 5.538, 0.0
DC: 5.538, 5.54, 12400.0
DC: 5.54, 5.542, 7800.0
DC: 5.542, 5.544, 13800.0
DC: 5.544, 5.546, 8400.0
DC: 5.546, 5.548, 13200.0
DC: 5.548, 5.55, 7800.0
DC: 5.55, 5.552, 12400.0
DC: 5.552, 5.554, 10200.0
DC: 5.554, 5.556, 10200.0
DC: 5.556, 5.558, 13200.0
DC: 5.558, 5.56, 8400.0
